,id,price,signed,deadline,method,procurer,supplier,proinn,supinn,registered,address,number,mail,code,product
0,3663600366416000006,3681500.00,29.01.2016,31.12.2016,Электронный аукцион,АРТИНСКАЯ ПОСЕЛКОВАЯ АДМИНИСТРАЦИЯ АДМИНИСТРАЦИИ АРТИНСКОГО ГОРОДСКОГО ОКРУГА,"Общество с ограниченной ответственностью ""Артидорсервис""",6636003664,6646016285,05.08.2010,"['623340, Свердловская область, р.п. Арти,', 'ул. Рабочей Молодежи, 234']",7-34391-21295,baid-ats@rambler.ru,81.29.12.000,Услуги по подметанию и уборке снега
1,1666202233516000008,1215543.49,23.01.2016,30.06.2016,Электронный аукцион,Екатеринбургская таможня,"""ТЕРРИТОРИАЛЬНАЯ ЭКСПЛУАТАЦИОННАЯ СЛУЖБА""",6662022335,7452119741,21.11.2014,"['454071, Челябинская  область, г. Челябинск, ул. Комарова,  137-74']",643-343-2232005,cssural@bk.ru,81.29.19.000,"Услуги по чистке и уборке прочие, не включенные в другие группировки"
2,1666202233516000009,1211819.45,23.01.2016,30.06.2016,Электронный аукцион,Екатеринбургская таможня,"""ТЕРРИТОРИАЛЬНАЯ ЭКСПЛУАТАЦИОННАЯ СЛУЖБА""",6662022335,7452119741,21.11.2014,"['454071, обл ЧЕЛЯБИНСКАЯ 74, г. ЧЕЛЯБИНСК, ул .КОМАРОВА, 137, 74']",643-343-2232005,cssural@bk.ru,81.21.10.000,Услуги по общей уборке зданий
3,3662502866716000002,8804457.60,23.01.2016,31.12.2016,Электронный аукцион,УПРАВЛЕНИЕ ЖИЛИЩНО-КОММУНАЛЬНОГО ХОЗЯЙСТВА И СТРОИТЕЛЬСТВА ГОРОДСКОГО ОКРУГА ПЕРВОУРАЛЬСК,"ЗАКРЫТОЕ АКЦИОНЕРНОЕ ОБЩЕСТВО ""ГОРЭЛЕКТРОСЕТЬ"" (ЗАО ""ГОРЭЛЕКТРОСЕТЬ"")",6625028667,6625004521,05.01.1992,"['623113, обл СВЕРДЛОВСКАЯ 66, г ПЕРВОУРАЛЬСК, ул СТАХОВА, 2А']",7-3439-641077,dep41@svrsk.ru,43.21.10.180,"Работы электромонтажные по монтажу прочего электрического оборудования, включая электрические солнечные коллекторы и плинтусные обогреватели, в зданиях и сооружениях"
4,3665201232016000002,1154907.72,06.01.2016,31.12.2016,"Закупка у единственного поставщика (подрядчика, исполнителя)","МУНИЦИПАЛЬНОЕ АВТОНОМНОЕ ДОШКОЛЬНОЕ ОБРАЗОВАТЕЛЬНОЕ УЧРЕЖДЕНИЕ ""ДЕТСКИЙ САД № 36""","МУНИЦИПАЛЬНОЕ УНИТАРНОЕ ПРЕДПРИЯТИЕ ЖИЛИЩНО-КОММУНАЛЬНОГО ХОЗЯЙСТВА ""ЮЖНОЕ"" СЫСЕРТСКОГО ГОРОДСКОГО ОКРУГА (МУП ЖКХ ""ЮЖНОЕ"")",6652012320,6652014215,27.11.2003,"['624015, обл СВЕРДЛОВСКАЯ 66, р-н СЫСЕРТСКИЙ, с ЩЕЛКУН, ул СТРОИТЕЛЕЙ, 2']",7-34374-69298,ofis-y@mail.ru,35.30.11.120,"Энергия тепловая, отпущенная котельными"
5,2660200751916000035,1129480.00,15.01.2016,20.05.2017,Электронный аукцион,"ГОСУДАРСТВЕННОЕ БЮДЖЕТНОЕ УЧРЕЖДЕНИЕ ЗДРАВООХРАНЕНИЯ СВЕРДЛОВСКОЙ ОБЛАСТИ ""АРТЕМОВСКАЯ ЦЕНТРАЛЬНАЯ РАЙОННАЯ БОЛЬНИЦА""","ОБЩЕСТВО С ОГРАНИЧЕННОЙ ОТВЕТСТВЕННОСТЬЮ ""ЗАВОД МЕДСИНТЕЗ"" (ОБЩЕСТВО С ОГРАНИЧЕННОЙ ОТВЕТСТВЕННОСТЬЮ ""ЗАВОД МЕДСИНТЕЗ"")",6602007519,6629012040,05.04.2006,"['620144, обл СВЕРДЛОВСКАЯ 66, г ЕКАТЕРИНБУРГ, ул 8 МАРТА, 90, А']",7-343-2546785,zmedsintez@mail.ru,21.20.10.134,Растворы плазмозамещающие и перфузионные
6,1666202396316000013,1449036.30,29.01.2016,31.12.2016,Электронный аукцион,УРАЛЬСКОЕ ТАМОЖЕННОЕ УПРАВЛЕНИЕ,"АКЦИОНЕРНОЕ ОБЩЕСТВО ""КОРУС АКС"" (АО ""КОРУС АКС"")",6662023963,6659018674,14.02.1995,"['Юр. адрес: 620034, г. Екатеринбург, ул. Сазонова, 70-2', 'Почтовый адрес: 620026, г. Екатеринбург, ул. Розы Люксембург, 19']",7-343-3658207,guorus@guorus.ru,33.14.11.000,"Услуги по ремонту и техническому обслуживанию электродвигателей, генераторов, трансформаторов и распределительной и регулирующей аппаратуры для электричества"
7,3660100673817000004,1693302.52,29.01.2016,31.12.2016,"Закупка у единственного поставщика (подрядчика, исполнителя)","МУНИЦИПАЛЬНОЕ БЮДЖЕТНОЕ ДОШКОЛЬНОЕ ОБРАЗОВАТЕЛЬНОЕ УЧРЕЖДЕНИЕ ""ДЕТСКИЙ САД № 18 ""РАДУГА""","ЗАКРЫТОЕ АКЦИОНЕРНОЕ ОБЩЕСТВО ""ТЕПЛОЭНЕРГЕТИЧЕСКИЙ КОМПЛЕКС УРАЛЬСКОГО РЕГИОНА"" (ЗАКРЫТОЕ АКЦИОНЕРНОЕ ОБЩЕСТВО ""ТЕПЛОЭНЕРГЕТИЧЕСКИЙ КОМПЛЕКС УРАЛЬСКОГО РЕГИОНА"", ЗАО ""ТЭКУР"")",6601006738,6672219517,25.04.2007,"['624601, обл СВЕРДЛОВСКАЯ 66, г АЛАПАЕВСК, ул КОРОБКИНА, 14, 20']",7-34346-21117,filtekur@mail.ru,35.30.11.120,"Энергия тепловая, отпущенная котельными"
8,2666100878616000124,1090400.00,29.01.2016,31.12.2016,Электронный аукцион,"ГОСУДАРСТВЕННОЕ БЮДЖЕТНОЕ УЧРЕЖДЕНИЕ ЗДРАВООХРАНЕНИЯ СВЕРДЛОВСКОЙ ОБЛАСТИ ""НАУЧНО-ПРАКТИЧЕСКИЙ ЦЕНТР СПЕЦИАЛИЗИРОВАННЫХ ВИДОВ МЕДИЦИНСКОЙ ПОМОЩИ ""УРАЛЬСКИЙ ИНСТИТУТ КАРДИОЛОГИИ""","ОБЩЕСТВО С ОГРАНИЧЕННОЙ ОТВЕТСТВЕННОСТЬЮ ""КЛИНИКА СЕРДЦА"" (ООО ""КС"")",6661008786,6670088509,21.06.2005,"['620144, г. Екатеринбург, ул. 8 Марта, 78 А']",7-343-2951353,larlapshina@yandex.ru,86.10.19.000,Услуги больниц прочие
9,2661702533416000074,3285760.00,15.01.2016,31.12.2016,Электронный аукцион,"государственное бюджетное учреждение здравоохранения Свердловской области ""Краснотурьинская городская больница""","ОБЩЕСТВО С ОГРАНИЧЕННОЙ ОТВЕТСТВЕННОСТЬЮ ""ЗАВОД МЕДСИНТЕЗ"" (ОБЩЕСТВО С ОГРАНИЧЕННОЙ ОТВЕТСТВЕННОСТЬЮ ""ЗАВОД МЕДСИНТЕЗ"")",6617025334,6629012040,05.04.2006,"['620144, обл СВЕРДЛОВСКАЯ 66, г ЕКАТЕРИНБУРГ, ул 8 МАРТА, 90, А']",8-343-2707515,nikolay.vlasov@medsintez.com,21.20.10.112,Препараты для лечения заболеваний связанных с нарушением кислотности
10,2665808158516000432,6250000.00,15.01.2016,31.12.2016,"Закупка у единственного поставщика (подрядчика, исполнителя)","государственное бюджетное учреждение здравоохранения Свердловской области ""Свердловская областная клиническая больница № 1""",ЕКАТЕРИНБУРГСКОЕ МУНИЦИПАЛЬНОЕ УНИТАРНОЕ ПРЕДПРИЯТИЕ ВОДОПРОВОДНО-КАНАЛИЗАЦИОННОГО ХОЗЯЙСТВА (-),6658081585,6608001915,20.01.2004,"['620075, обл СВЕРДЛОВСКАЯ 66, г ЕКАТЕРИНБУРГ, ул КАРЛА ЛИБКНЕХТА, 43А']",8-343-3715095,info@vodokanalekb.ru,84.12.13.000,Услуги государственного управления в области жилищного строительства и коммунального хозяйства
11,3662701236616000001,2493251.17,15.01.2016,31.01.2017,"Закупка у единственного поставщика (подрядчика, исполнителя)","МУНИЦИПАЛЬНОЕ КАЗЕННОЕ ОБЩЕОБРАЗОВАТЕЛЬНОЕ УЧРЕЖДЕНИЕ ""СРЕДНЯЯ ОБЩЕОБРАЗОВАТЕЛЬНАЯ ШКОЛА № 13""","ОТКРЫТОЕ АКЦИОНЕРНОЕ ОБЩЕСТВО ""ЭНЕРГОСБЫТ ПЛЮС"" (ОАО ""ЭНЕРГОСБЫТ ПЛЮС"")",6627012366,5612042824,22.05.2014,"['143421, обл МОСКОВСКАЯ 50, р-н КРАСНОГОРСКИЙ, автодорога БАЛТИЯ, тер БИЗНЕС-ЦЕНТР РИГА-ЛЕНД, 3']",7-34397-35602,sesb@ies-holding.com,35.14.10.000,Услуги по торговле электроэнергией
12,2666500543316000016,1026800.00,15.01.2016,31.12.2016,Электронный аукцион,"государственное бюджетное учреждение здравоохранения Свердловской области ""Городская больница город Каменск-Уральский""","ОБЩЕСТВО С ОГРАНИЧЕННОЙ ОТВЕТСТВЕННОСТЬЮ ""ЗАВОД МЕДСИНТЕЗ"" (ОБЩЕСТВО С ОГРАНИЧЕННОЙ ОТВЕТСТВЕННОСТЬЮ ""ЗАВОД МЕДСИНТЕЗ"")",6612049211,6629012040,09.09.2002,"['620144, Российская Федерация, Свердловская обл., г. Екатеринбург, 8 Марта , 90а, ОКАТО: 65401000000']",7-343-2707515,boris.sanatin@medsintez.com,08.93.10.130,Хлорид натрия чистый
13,2668000592816000031,1488860.00,15.01.2016,31.01.2017,Электронный аукцион,"государственное бюджетное учреждение здравоохранения Свердловской области ""Серовская городская больница""","ОБЩЕСТВО С ОГРАНИЧЕННОЙ ОТВЕТСТВЕННОСТЬЮ ""ЗАВОД МЕДСИНТЕЗ"" (ОБЩЕСТВО С ОГРАНИЧЕННОЙ ОТВЕТСТВЕННОСТЬЮ ""ЗАВОД МЕДСИНТЕЗ"")",6680005928,6629012040,05.04.2006,"['620144, обл СВЕРДЛОВСКАЯ 66, г ЕКАТЕРИНБУРГ, ул 8 МАРТА, 90, А']",7-34370-25061,medsintez@mail.ru,21.20.10.191,Препараты антибактериальные для системного использования
14,2661702533416000075,1760000.00,15.01.2016,31.12.2016,Электронный аукцион,"государственное бюджетное учреждение здравоохранения Свердловской области ""Краснотурьинская городская больница""","ОБЩЕСТВО С ОГРАНИЧЕННОЙ ОТВЕТСТВЕННОСТЬЮ ""ЗАВОД МЕДСИНТЕЗ"" (ОБЩЕСТВО С ОГРАНИЧЕННОЙ ОТВЕТСТВЕННОСТЬЮ ""ЗАВОД МЕДСИНТЕЗ"")",6617025334,6629012040,05.04.2006,"['620144, обл СВЕРДЛОВСКАЯ 66, г ЕКАТЕРИНБУРГ, ул 8 МАРТА, 90, А']",8-343-2707515,nikolay.vlasov@medsintez.com,21.20.10.112,Препараты для лечения заболеваний связанных с нарушением кислотности
15,1722300731616000007,4344000.00,15.01.2016,31.12.2016,Открытый конкурс,"Федеральное казенное учреждение ""Федеральное управление автомобильных дорог ""Урал"" Федерального дорожного агентства""",Средневолжский филиал Федерального государственного унитарного предприятия «Управление ведомственной охраны Министерства транспорта Российской Федерации» (Средневолжский филиал ФГУП «УВО Минтранса России»),7223007316,7707311363,18.01.2010,"['443068, Самарская область, г. Самара, ул. Ново-Садовая, д. 139']",8-846-3004214,svfsekretar@uvomintrans.ru,84.24.19.000,"Услуги, связанные с обеспечением общественного порядка и безопасности, прочие"
16,1665808957716000003,4401203.32,15.01.2016,20.12.2016,Электронный аукцион,УПРАВЛЕНИЕ СУДЕБНОГО ДЕПАРТАМЕНТА В СВЕРДЛОВСКОЙ ОБЛАСТИ,"Общество с ограниченной ответственностью ""Газпромнефть-Корпоративные продажи""",6658089577,5259033080,04.04.2007,"['г. Еатеринбург, Сибирский тракт, 17, стр. 7, оф. 104.']",8-343-3572263,Lambrekht.EV@gpncard.ru,19.20.21.100,Бензин автомобильный
17,3660100967216000004,1956230.77,26.01.2016,31.12.2016,"Закупка у единственного поставщика (подрядчика, исполнителя)","МУНИЦИПАЛЬНОЕ КАЗЕННОЕ ДОШКОЛЬНОЕ ОБРАЗОВАТЕЛЬНОЕ УЧРЕЖДЕНИЕ ""АРАМАШЕВСКИЙ ДЕТСКИЙ САД""  ОБЩЕРАЗВИВАЮЩЕГО ВИДА С ПРИОРИТЕТНЫМ ОСУЩЕСТВЛЕНИЕМ ДЕЯТЕЛЬНОСТИ ПО ФИЗИЧЕСКОМУ РАЗВИТИЮ ДЕТЕЙ","АКЦИОНЕРНОЕ ОБЩЕСТВО ""ОБЛКОММУНЭНЕРГО"" (АО ""ОБЛКОММУНЭНЕРГО"")",6601009672,6671028735,07.12.2015,"['620014, обл СВЕРДЛОВСКАЯ 66, г ЕКАТЕРИНБУРГ, ул 8 МАРТА, ДОМ 24, ОФИС 1']",7-343-2860581,secretar@okenergo.com,35.30.11.130,"Энергия тепловая, отпущенная электрокотлами"
18,1667232973516000006,6744415.00,26.01.2016,31.12.2016,Электронный аукцион,Следственное управление Следственного комитета Российской Федерации по Свердловской области,"Общество с ограниченной ответственностью ""Газпромнефть-Корпоративные продажи""",6672329735,5259033080,20.08.2002,"['191014, г. Санкт-Петербург, ул. Парадная, д. 3 корп. 1']",7-343-3572280,Golovina.TO@gpncard.ru,19.20.21.135,"Бензин автомобильный с октановым числом более 95, но не более 98 по исследовательскому методу экологического класса К5"
19,1668503165716000008,1099880.00,26.01.2016,31.12.2016,"Закупка у единственного поставщика (подрядчика, исполнителя)","ФЕДЕРАЛЬНОЕ ГОСУДАРСТВЕННОЕ КАЗЕННОЕ УЧРЕЖДЕНИЕ ""ПОЛИКЛИНИКА № 3 ФЕДЕРАЛЬНОЙ ТАМОЖЕННОЙ СЛУЖБЫ""","ГОСУДАРСТВЕННОЕ БЮДЖЕТНОЕ УЧРЕЖДЕНИЕ ЗДРАВООХРАНЕНИЯ СВЕРДЛОВСКОЙ ОБЛАСТИ ""СВЕРДЛОВСКАЯ ОБЛАСТНАЯ КЛИНИЧЕСКАЯ БОЛЬНИЦА № 1""",6685031657,6658081585,27.05.2004,"['620102, обл СВЕРДЛОВСКАЯ 66, г ЕКАТЕРИНБУРГ, ул ВОЛГОГРАДСКАЯ, 185']",7-343-3517598,office@okb1.ru,86.10.11.110,"Услуги, оказываемые врачами хирургических отделений больниц"
20,3667409225616000002,3974300.00,26.01.2016,31.12.2016,Электронный аукцион,"МУНИЦИПАЛЬНОЕ БЮДЖЕТНОЕ ОБРАЗОВАТЕЛЬНОЕ УЧРЕЖДЕНИЕ ДОПОЛНИТЕЛЬНОГО ОБРАЗОВАНИЯ ДЕТСКО-ЮНОШЕСКАЯ СПОРТИВНАЯ ШКОЛА  ""КРИСТАЛЛ""","Общество с ограниченной ответственностью ""АВС Кристалл""",6674092256,6674158588,16.06.2005,"['620010, г. Екатеринбург, З. Космодемьянской, дом 46, корп.Б']",+7(343)2587195,y.izykeeva@avsgroup.ru,68.20.12.000,Услуги по сдаче в аренду (внаем) собственных или арендованных нежилых помещений
21,3665601959916000001,1092800.00,15.01.2016,31.12.2016,"Закупка у единственного поставщика (подрядчика, исполнителя)","МУНИЦИПАЛЬНОЕ КАЗЁННОЕ ОБРАЗОВАТЕЛЬНОЕ УЧРЕЖДЕНИЕ ДЛЯ ДЕТЕЙ ДОШКОЛЬНОГО И МЛАДШЕГО ШКОЛЬНОГО ВОЗРАСТА ""ТИМОФЕЕВСКАЯ НАЧАЛЬНАЯ ШКОЛА - ДЕТСКИЙ САД""","ОТКРЫТОЕ АКЦИОНЕРНОЕ ОБЩЕСТВО ""ЭНЕРГОСБЫТ ПЛЮС"" (ОАО ""ЭНЕРГОСБЫТ ПЛЮС"")",6656019599,5612042824,22.05.2014,"['143421, обл МОСКОВСКАЯ 50, р-н КРАСНОГОРСКИЙ, автодорога БАЛТИЯ, тер БИЗНЕС-ЦЕНТР РИГА-ЛЕНД, 3']",7-34371-28528,riv_tal@stsb.ru,35.13.10.000,Услуги по распределению электроэнергии
22,1666001327916000005,2132200.00,26.01.2016,31.12.2016,"Закупка у единственного поставщика (подрядчика, исполнителя)",ГОСУДАРСТВЕННОЕ УЧРЕЖДЕНИЕ - СВЕРДЛОВСКОЕ РЕГИОНАЛЬНОЕ ОТДЕЛЕНИЕ ФОНДА СОЦИАЛЬНОГО СТРАХОВАНИЯ РОССИЙСКОЙ ФЕДЕРАЦИИ,"ФЕДЕРАЛЬНОЕ ГОСУДАРСТВЕННОЕ УНИТАРНОЕ ПРЕДПРИЯТИЕ ""ПОЧТА РОССИИ"" (ФГУП ""ПОЧТА РОССИИ"")",6660013279,7724261610,14.02.2003,"['620000, г.Екатеринбург, пр.Ленина, 39г']",8-343-3501633,oper@uralpost.ru,53.10.19.000,Услуги почтовой связи общего пользования прочие
23,3660301138816000004,1200012.88,15.01.2016,31.12.2016,"Закупка у единственного поставщика (подрядчика, исполнителя)","МУНИЦИПАЛЬНОЕ БЮДЖЕТНОЕ ОБЩЕОБРАЗОВАТЕЛЬНОЕ УЧРЕЖДЕНИЕ ""СРЕДНЯЯ ОБЩЕОБРАЗОВАТЕЛЬНАЯ ШКОЛА №17"" ГОРОДСКОГО ОКРУГА РЕФТИНСКИЙ","МУНИЦИПАЛЬНОЕ УНИТАРНОЕ ОБЪЕДИНЕННОЕ ПРЕДПРИЯТИЕ ""РЕФТИНСКОЕ"" ГОРОДСКОГО ОКРУГА РЕФТИНСКИЙ (МУНИЦИПАЛЬНОЕ УНИТАРНОЕ ОБЪЕДИНЕННОЕ ПРЕДПРИЯТИЕ ""РЕФТИНСКОЕ"" ГОРОДСКОГО ОКРУГА РЕФТИНСКИЙ)",6603011388,6603020368,21.06.2007,"['624285, обл СВЕРДЛОВСКАЯ 66, г АСБЕСТ, рп РЕФТИНСКИЙ, ул ГАГАРИНА, 13, А']",7-34365-30868,reftp@mail.ru,35.30.11.119,"Энергия тепловая, отпущенная прочими электростанциями"
24,3666100466116000011,2200000.00,26.01.2016,31.12.2016,Электронный аукцион,АДМИНИСТРАЦИЯ ГОРОДА ЕКАТЕРИНБУРГА,"Общество с ограниченной ответственностью ""Компания Экстрим про""",6661004661,6670082930,11.04.2005,"['620062, Свердловская область, город Екатеринбург, пр-кт Ленина, 68 - 229']",(343) 2222139,xrm@xrm.ru,62.01.11.000,Услуги по проектированию и разработке информационных технологий для прикладных задач и тестированию программного обеспечения
25,3660500662616000003,1002184.38,26.01.2016,31.12.2016,"Закупка у единственного поставщика (подрядчика, исполнителя)","муниципальное казенное общеобразовательное учреждение ""Полдневская основная общеобразовательная школа""","МУНИЦИПАЛЬНОЕ УНИТАРНОЕ ПРЕДПРИЯТИЕ ""БОГДАНОВИЧСКИЕ ТЕПЛОВЫЕ СЕТИ"" (МУНИЦИПАЛЬНОЕ УНИТАРНОЕ ПРЕДПРИЯТИЕ ""БОГДАНОВИЧСКИЕ ТЕПЛОВЫЕ СЕТИ"")",6605006626,6633016986,11.10.2010,"['623530, обл СВЕРДЛОВСКАЯ 66, г БОГДАНОВИЧ, ул ГАГАРИНА, 26А']",7-34376-23669,bgd_oaef@mail.ru,35.30.11.120,"Энергия тепловая, отпущенная котельными"
26,2666001041516000037,1100000.00,26.01.2016,31.12.2016,Электронный аукцион,МИНИСТЕРСТВО ЗДРАВООХРАНЕНИЯ СВЕРДЛОВСКОЙ ОБЛАСТИ,"ОБЩЕСТВО С ОГРАНИЧЕННОЙ ОТВЕТСТВЕННОСТЬЮ ""БОНА ФИДЕ"" (ООО ""БОНА ФИДЕ"")",6660010415,6658111247,10.04.2000,"['620043, обл СВЕРДЛОВСКАЯ 66, г ЕКАТЕРИНБУРГ, ул КОПЕРНИКА, 28']",7-343-2578894,efa@mail.ur.ru,62.03.12.130,Услуги по сопровождению компьютерных систем
27,2665846316816000084,16365100.00,26.01.2016,31.12.2016,Электронный аукцион,"ГОСУДАРСТВЕННОЕ БЮДЖЕТНОЕ УЧРЕЖДЕНИЕ ЗДРАВООХРАНЕНИЯ СВЕРДЛОВСКОЙ ОБЛАСТИ ""СВЕРДЛОВСКИЙ ОБЛАСТНОЙ ОНКОЛОГИЧЕСКИЙ ДИСПАНСЕР""","ОБЩЕСТВО С ОГРАНИЧЕННОЙ ОТВЕТСТВЕННОСТЬЮ ""КОМПАНИЯ ФАРМСТОР"" (КОМПАНИЯ ФАРМСТОР)",6658463168,7727173908,16.12.2002,"['117449, г МОСКВА 77, ул ГРИМАУ, 10']",7-495-2348306,karina@pharmstore.ru,21.20.10.211,Препараты противоопухолевые
28,2666001041516000034,8651606.58,26.01.2016,01.10.2016,Электронный аукцион,МИНИСТЕРСТВО ЗДРАВООХРАНЕНИЯ СВЕРДЛОВСКОЙ ОБЛАСТИ,"ОБЩЕСТВО С ОГРАНИЧЕННОЙ ОТВЕТСТВЕННОСТЬЮ ""ФАРМАХАН"" (ООО ""ФАРМАХАН"")",6660010415,7726706840,17.10.2012,"['115230, г МОСКВА 77, ш ВАРШАВСКОЕ, 46А, СТР.4']",7-499-3945913,info@farmahan.ru,21.20.10.194,Препараты противовирусные для системного применения
29,1666101464516000015,1177868.37,26.01.2016,30.04.2016,Электронный аукцион,"федеральное казенное учреждение ""Уральское окружное управление материально-технического снабжения Министерства внутренних дел Российской Федерации""","Общество с Ограниченной Ответственностью ""ИТЦ ""ПромКомплетИнжиниринг""",6661014645,6731049612,31.03.2005,"['214020, г. Смоленск, ул. Шевченко, 86']",7-4812-358167,market@teplocontrols.ru,26.51.33.199,"Инструмент измерительный прочий, не включенный в другие группировки"
30,3665400825616000001,1122978.67,26.01.2016,31.12.2016,"Закупка у единственного поставщика (подрядчика, исполнителя)","МУНИЦИПАЛЬНОЕ КАЗЕННОЕ ОБЩЕОБРАЗОВАТЕЛЬНОЕ УЧРЕЖДЕНИЕ ""ЗАВЬЯЛОВСКАЯ ОСНОВНАЯ ОБЩЕОБРАЗОВАТЕЛЬНАЯ ШКОЛА""","ОБЩЕСТВО С ОГРАНИЧЕННОЙ ОТВЕТСТВЕННОСТЬЮ ""ЭНЕРГОРЕСУРС"" (ООО ""ЭНЕРГОРЕСУРС"")",6654008256,6678032378,24.02.2014,"['620920, обл СВЕРДЛОВСКАЯ 66, г ЕКАТЕРИНБУРГ, п СЕВЕРКА, ул КОСМОНАВТОВ, 13, ОФИС 1']",7-34371-2434386,k-agent@mail.ru,35.30.11.120,"Энергия тепловая, отпущенная котельными"
31,1666300920016000011,6327157.00,26.01.2016,31.12.2016,Электронный аукцион,"ФЕДЕРАЛЬНОЕ ГОСУДАРСТВЕННОЕ БЮДЖЕТНОЕ ОБРАЗОВАТЕЛЬНОЕ УЧРЕЖДЕНИЕ ВЫСШЕГО ПРОФЕССИОНАЛЬНОГО ОБРАЗОВАНИЯ ""УРАЛЬСКИЙ ГОСУДАРСТВЕННЫЙ ПЕДАГОГИЧЕСКИЙ УНИВЕРСИТЕТ""","Общество с ограниченной ответственностью ""Диалог-Сервис""",6663009200,6671339635,15.06.2012,"['620109 г. Екатеринбург, ул. Сурикова, д.  51']",7-343-2178154,1111@mail.ru,26.20.30.000,Устройства автоматической обработки данных прочие
32,3667124994216000001,1005290.60,26.01.2016,31.01.2017,Электронный аукцион,"Муниципальное бюджетное учреждение ""Автобаза Администрации города Екатеринбурга""",ОАО «АльфаСтрахование»,6671249942,7713056834,22.08.2001,"['115162, 115162, Российская Федерация, г. Москва, ул. Шаболовка, 31 стр. Б']",+7(495)7880999(5601),DeevaAA@alfastrah.ru,65.12.29.000,Услуги по страхованию автотранспортных средств прочие
33,3661500671316000003,1747691.05,26.01.2016,31.12.2016,"Закупка у единственного поставщика (подрядчика, исполнителя)","МУНИЦИПАЛЬНОЕ ОБЩЕОБРАЗОВАТЕЛЬНОЕ УЧРЕЖДЕНИЕ ""СРЕДНЯЯ ОБЩЕОБРАЗОВАТЕЛЬНАЯ ШКОЛА ИМ. К.Н. НОВИКОВА""","ОБЩЕСТВО С ОГРАНИЧЕННОЙ ОТВЕТСТВЕННОСТЬЮ ""КАЧКАНАРСКАЯ ТЕПЛОСНАБЖАЮЩАЯ КОМПАНИЯ"" (ООО ""КАЧКАНАРСКАЯ ТЕПЛОСНАБЖАЮЩАЯ КОМПАНИЯ"")",6615006713,6615015348,11.03.2015,"['624350, обл СВЕРДЛОВСКАЯ 66, г КАЧКАНАР, мкр 8-Й, ДОМ 17']",8-34341-69498,pavel.yusim@evraz.com,35.30.11.111,"Энергия тепловая, отпущенная тепловыми электроцентралями (ТЭЦ)"
34,3663201757816000005,47402715.90,16.01.2016,01.12.2016,Электронный аукцион,"МУНИЦИПАЛЬНОЕ КАЗЕННОЕ  УЧРЕЖДЕНИЕ  ""УПРАВЛЕНИЕ КАПИТАЛЬНОГО СТРОИТЕЛЬСТВА ""","ООО ""МОНОЛИТСТРОЙ""",6632017578,6685042306,27.09.2013,"['620026, Российская Федерация, Свердловская обл., г. Екатеринбург, ул. Луначарского, 194, офис 203, ОКАТО: 65401380000']",7-34385-64344,monolitserov@yandex.ru,41.20.30.000,Работы по возведению жилых зданий
35,2666001041516000010,5746595.50,12.01.2016,01.10.2016,Электронный аукцион,МИНИСТЕРСТВО ЗДРАВООХРАНЕНИЯ СВЕРДЛОВСКОЙ ОБЛАСТИ,"ЗАКРЫТОЕ АКЦИОНЕРНОЕ ОБЩЕСТВО ""РЕГУЛ-ФАРМИМЭКС"" (ЗАО ""РЕГУЛ-ФАРМИМЭКС"")",6660010415,3666053603,17.05.2013,"['394033, обл ВОРОНЕЖСКАЯ 36, г ВОРОНЕЖ, пр-кт ЛЕНИНСКИЙ, 119, В']",7-4732-605959,farmonix@yandex.ru,21.20.10.194,Препараты противовирусные для системного применения
36,3665500570916000004,2763940.00,20.01.2016,31.12.2016,"Закупка у единственного поставщика (подрядчика, исполнителя)","МУНИЦИПАЛЬНОЕ КАЗЁННОЕ УЧРЕЖДЕНИЕ КУЛЬТУРЫ ""ЦЕНТРАЛИЗОВАННАЯ СИСТЕМА ДОМОВ КУЛЬТУРЫ ТУГУЛЫМСКОГО ГОРОДСКОГО ОКРУГА""","ПУБЛИЧНОЕ АКЦИОНЕРНОЕ ОБЩЕСТВО ""ОБЛКОММУНЭНЕРГО"" (ПАО ""ОБЛКОММУНЭНЕРГО"")",6655005709,6671457981,26.08.2014,"['620014, обл СВЕРДЛОВСКАЯ 66, г ЕКАТЕРИНБУРГ, ул 8 МАРТА, ДОМ 24, ОФИС 1']",7-343-2860581,oblkom@mail.ru,35.22.10.110,Услуги по распределению и снабжению газовым топливом всех видов по системам распределительных трубопроводов
37,3663901433616000003,2267672.75,12.01.2016,31.12.2016,Электронный аукцион,"МУНИЦИПАЛЬНОЕ КАЗЕННОЕ УЧРЕЖДЕНИЕ ""УПРАВЛЕНИЕ ОБРАЗОВАНИЯ ГОРОДСКОГО ОКРУГА ЗАРЕЧНЫЙ""",Шиф Любовь МихайловнаИндивидуальный предприниматель,6639014336,21.10.2008,21.10.2008,"['624250, Свердловская область, г. Заречный, с. Мезенское, ул. Юбилейная, д. 28']",7-912-6123088,ipshif@mail.ru,49.31.21.110,Услуги (работы) по регулярным перевозкам пассажиров автобусами в городском и пригородном сообщении
38,2661702533416000063,1227600.00,12.01.2016,31.12.2016,Электронный аукцион,"государственное бюджетное учреждение здравоохранения Свердловской области ""Краснотурьинская городская больница""","ОБЩЕСТВО С ОГРАНИЧЕННОЙ ОТВЕТСТВЕННОСТЬЮ ""ЗАВОД МЕДСИНТЕЗ"" (ОБЩЕСТВО С ОГРАНИЧЕННОЙ ОТВЕТСТВЕННОСТЬЮ ""ЗАВОД МЕДСИНТЕЗ"")",6617025334,6629012040,05.04.2006,"['620144, обл СВЕРДЛОВСКАЯ 66, г ЕКАТЕРИНБУРГ, ул 8 МАРТА, 90, А']",8-343-2707515,nikolay.vlasov@medsintez.com,21.20.10.112,Препараты для лечения заболеваний связанных с нарушением кислотности
39,3660200137016000006,1279325.96,12.01.2016,31.12.2016,"Закупка у единственного поставщика (подрядчика, исполнителя)",ТЕРРИТОРИАЛЬНЫЙ ОРГАН МЕСТНОГО САМОУПРАВЛЕНИЯ ПОСЕЛКА БУЛАНАШ С ПОДВЕДОМСТВЕННОЙ ТЕРРИТОРИЕЙ НАСЕЛЕННОГО ПУНКТА ПОСЕЛКА ДАЛЬНИЙ БУЛАНАШ,"ОТКРЫТОЕ АКЦИОНЕРНОЕ ОБЩЕСТВО ""ЭНЕРГОСБЫТ ПЛЮС"" (ОАО ""ЭНЕРГОСБЫТ ПЛЮС"")",6602001370,5612042824,22.05.2014,"['143421, обл МОСКОВСКАЯ 50, р-н КРАСНОГОРСКИЙ, автодорога БАЛТИЯ, тер БИЗНЕС-ЦЕНТР РИГА-ЛЕНД, 3']",7-34363-24357,holding@mail.ru,35.14.10.000,Услуги по торговле электроэнергией
40,2662800272316000008,1155150.00,12.01.2016,31.12.2016,Электронный аукцион,"ГОСУДАРСТВЕННОЕ АВТОНОМНОЕ УЧРЕЖДЕНИЕ ЗДРАВООХРАНЕНИЯ СВЕРДЛОВСКОЙ ОБЛАСТИ ""РЕЖЕВСКАЯ ЦЕНТРАЛЬНАЯ РАЙОННАЯ БОЛЬНИЦА""","ОБЩЕСТВО С ОГРАНИЧЕННОЙ ОТВЕТСТВЕННОСТЬЮ ""ЗАВОД МЕДСИНТЕЗ"" (ОБЩЕСТВО С ОГРАНИЧЕННОЙ ОТВЕТСТВЕННОСТЬЮ ""ЗАВОД МЕДСИНТЕЗ"")",6628002723,6629012040,05.04.2006,"['620144, обл СВЕРДЛОВСКАЯ 66, г ЕКАТЕРИНБУРГ, ул 8 МАРТА, 90, А']",7-343-2707515,Nikolay.Vlasov@medsintez.com,21.20.10.134,Растворы плазмозамещающие и перфузионные
41,3661700951916000005,2177960.40,26.01.2016,30.04.2016,Электронный аукцион,"Муниципальное учреждение ""Управление жилищно-коммунального хозяйства""","ОБЩЕСТВО С ОГРАНИЧЕННОЙ ОТВЕТСТВЕННОСТЬЮ ""СПЕЦИАЛЬНАЯ СТРОИТЕЛЬНАЯ ТЕХНИКА"" (ООО ""СПЕЦСТРОЙТЕХ"")",6617009519,6617022862,26.09.2013,"['624440, обл СВЕРДЛОВСКАЯ 66, г КРАСНОТУРЬИНСК, ул КАРЛА МАРКСА, 53/1']",7-902-8788999,sstkr-k@mail.ru,81.29.12.000,Услуги по подметанию и уборке снега
42,2662800272316000009,1210000.00,12.01.2016,31.12.2016,Электронный аукцион,"ГОСУДАРСТВЕННОЕ АВТОНОМНОЕ УЧРЕЖДЕНИЕ ЗДРАВООХРАНЕНИЯ СВЕРДЛОВСКОЙ ОБЛАСТИ ""РЕЖЕВСКАЯ ЦЕНТРАЛЬНАЯ РАЙОННАЯ БОЛЬНИЦА""","ОБЩЕСТВО С ОГРАНИЧЕННОЙ ОТВЕТСТВЕННОСТЬЮ ""ЗАВОД МЕДСИНТЕЗ"" (ОБЩЕСТВО С ОГРАНИЧЕННОЙ ОТВЕТСТВЕННОСТЬЮ ""ЗАВОД МЕДСИНТЕЗ"")",6628002723,6629012040,05.04.2006,"['620144, обл СВЕРДЛОВСКАЯ 66, г ЕКАТЕРИНБУРГ, ул 8 МАРТА, 90, А']",7-902-2532378,Nikolay.Vlasov@medsintez.com,21.20.10.134,Растворы плазмозамещающие и перфузионные
43,1666100100416000001,1171134.90,12.01.2016,31.12.2016,Электронный аукцион,"ФЕДЕРАЛЬНОЕ ГОСУДАРСТВЕННОЕ БЮДЖЕТНОЕ ОБРАЗОВАТЕЛЬНОЕ УЧРЕЖДЕНИЕ ВЫСШЕГО ПРОФЕССИОНАЛЬНОГО ОБРАЗОВАНИЯ ""УРАЛЬСКИЙ ГОСУДАРСТВЕННЫЙ ГОРНЫЙ УНИВЕРСИТЕТ""","ОБЩЕСТВО С ОГРАНИЧЕННОЙ ОТВЕТСТВЕННОСТЬЮ ""АРМ СЕРВИС"" (ОБЩЕСТВО С ОГРАНИЧЕННОЙ ОТВЕТСТВЕННОСТЬЮ ""АРМ СЕРВИС"")",6661001004,7451270411,21.08.2008,"['454091, обл ЧЕЛЯБИНСКАЯ 74, г ЧЕЛЯБИНСК, ул СВОБОДЫ, 185']",7-351-2379100,italhim@mail.ru,96.01.12.000,Услуги химчистки (включая услуги по чистке изделий из меха)
44,3667600367816000003,2502546.00,12.01.2016,31.12.2016,Электронный аукцион,"МУНИЦИПАЛЬНОЕ КАЗЕННОЕ УЧРЕЖДЕНИЕ ТУРИНСКОГО ГОРОДСКОГО ОКРУГА ""УПРАВЛЕНИЕ КАПИТАЛЬНОГО СТРОИТЕЛЬСТВА И ЖИЛИЩНО-КОММУНАЛЬНОГО ХОЗЯЙСТВА""","Акционерное общество ""Облкоммунэнерго""",6676003678,6671028735,08.12.2015,"['620014, г.Екатеринбург, ул. 8 Марта,24 оф.1']",7-343-2860581,sekretar@okenergo.com,35.13.10.000,Услуги по распределению электроэнергии
45,1665800007116000001,146864340.00,12.01.2016,30.12.2016,"Закупка у единственного поставщика (подрядчика, исполнителя)",ГЛАВНОЕ УПРАВЛЕНИЕ ФЕДЕРАЛЬНОЙ СЛУЖБЫ ИСПОЛНЕНИЯ НАКАЗАНИЙ ПО СВЕРДЛОВСКОЙ ОБЛАСТИ,"ФЕДЕРАЛЬНОЕ ГОСУДАРСТВЕННОЕ УНИТАРНОЕ ПРЕДПРИЯТИЕ ""АРХАНГЕЛЬСКОЕ"" ФЕДЕРАЛЬНОЙ СЛУЖБЫ ИСПОЛНЕНИЯ НАКАЗАНИЙ (ФГУП ""АРХАНГЕЛЬСКОЕ"" ФСИН РОССИИ)",6658000071,3621005430,23.11.2015,"['196641, г САНКТ-ПЕТЕРБУРГ 78, п МЕТАЛЛОСТРОЙ, пр СЕВЕРНЫЙ, ДОМ 1']",8-812-6430062,fguparx@mail.ru,03.11.20.199,"Рыба морская прочая свежая или охлажденная, не включенная в другие группировки"
46,2666001041516000014,80763128.16,12.01.2016,01.10.2016,Электронный аукцион,МИНИСТЕРСТВО ЗДРАВООХРАНЕНИЯ СВЕРДЛОВСКОЙ ОБЛАСТИ,"ПУБЛИЧНОЕ АКЦИОНЕРНОЕ ОБЩЕСТВО ""ФАРМАЦЕВТИЧЕСКИЙ ИМПОРТ, ЭКСПОРТ"" (ПАО ""ФАРМИМЭКС"")",6660010415,7710106212,30.12.1993,"['125009, г МОСКВА 77, ул ДМИТРОВКА Б., 7/5, СТР.5']",7-495-6927285,tender@pharmimex.com,21.20.10.194,Препараты противовирусные для системного применения
47,3667600367816000002,3338503.00,12.01.2016,31.12.2016,Электронный аукцион,"МУНИЦИПАЛЬНОЕ КАЗЕННОЕ УЧРЕЖДЕНИЕ ТУРИНСКОГО ГОРОДСКОГО ОКРУГА ""УПРАВЛЕНИЕ КАПИТАЛЬНОГО СТРОИТЕЛЬСТВА И ЖИЛИЩНО-КОММУНАЛЬНОГО ХОЗЯЙСТВА""",Чечетина Людмила ИгнатьевнаИндивидуальный предприниматель,6676003678,10.09.2001,10.09.2001,"['Российская Федерация, 623900, Свердловская обл., Туринск г., Спорта ул., 37А']",7-34349-23155,2-31-55@mail.ru,81.29.19.000,"Услуги по чистке и уборке прочие, не включенные в другие группировки"
48,3665804182516000001,1399306.00,18.01.2016,31.12.2016,Электронный аукцион,МУНИЦИПАЛЬНОЕ БЮДЖЕТНОЕ ОБРАЗОВАТЕЛЬНОЕ УЧРЕЖДЕНИЕ ДОПОЛНИТЕЛЬНОГО ОБРАЗОВАНИЯ СПЕЦИАЛИЗИРОВАННАЯ ДЕТСКО-ЮНОШЕСКАЯ СПОРТИВНАЯ ШКОЛА ОЛИМПИЙСКОГО РЕЗЕРВА ГОРНЫХ ВИДОВ СПОРТА,"Федеральное государственное бюджетное образовательное учреждение высшего образования  ""Уральский государственный экономический университет"" (ФГБОУ ВО ""УрГЭУ"")",6658041825,6661003675,20.04.1993,"['620144, г. Екатеринбург, ул. 8 Марта/Народной Воли, 62/45']",7-343-2212667,svv@usue.ru,68.20.12.000,Услуги по сдаче в аренду (внаем) собственных или арендованных нежилых помещений
49,2666001041516000011,18175053.72,12.01.2016,01.07.2016,Электронный аукцион,МИНИСТЕРСТВО ЗДРАВООХРАНЕНИЯ СВЕРДЛОВСКОЙ ОБЛАСТИ,"ОБЩЕСТВО С ОГРАНИЧЕННОЙ ОТВЕТСТВЕННОСТЬЮ ""ВИТАСПЕКТР"" (ООО ""ВИТАСПЕКТР"")",6660010415,6672338063,01.01.2012,"['620075, обл СВЕРДЛОВСКАЯ 66, г ЕКАТЕРИНБУРГ, ул БЕЛИНСКОГО, 39, ЛИТЕР А, ОФИС 3011']",7-343-3118709,vitaspektr@list.ru,21.20.10.184,"Препараты, регулирующие обмен кальция"
50,2661600128116000013,3902855.00,18.01.2016,09.01.2017,"Закупка у единственного поставщика (подрядчика, исполнителя)","ГОСУДАРСТВЕННОЕ БЮДЖЕТНОЕ УЧРЕЖДЕНИЕ ЗДРАВООХРАНЕНИЯ СВЕРДЛОВСКОЙ ОБЛАСТИ ""КИРОВГРАДСКАЯ ЦЕНТРАЛЬНАЯ ГОРОДСКАЯ БОЛЬНИЦА""","ОБЩЕСТВО С ОГРАНИЧЕННОЙ ОТВЕТСТВЕННОСТЬЮ ""УЭМ-ТЕПЛОСЕТИ"" (ООО ""УЭМ-ТЕПЛОСЕТИ"")",6616001281,6606032019,10.09.2009,"['624090, обл СВЕРДЛОВСКАЯ 66, г ВЕРХНЯЯ ПЫШМА, ул ОГНЕУПОРЩИКОВ, 1']",7-34368-54598,teplosety-vp@mail.ru,35.30.11.120,"Энергия тепловая, отпущенная котельными"
51,2663500642216000009,1540200.00,18.01.2016,31.12.2016,Электронный аукцион,"ГОСУДАРСТВЕННОЕ БЮДЖЕТНОЕ УЧРЕЖДЕНИЕ ЗДРАВООХРАНЕНИЯ СВЕРДЛОВСКОЙ ОБЛАСТИ ""АЛАПАЕВСКАЯ ЦЕНТРАЛЬНАЯ РАЙОННАЯ БОЛЬНИЦА""","ОБЩЕСТВО С ОГРАНИЧЕННОЙ ОТВЕТСТВЕННОСТЬЮ ""ЗАВОД МЕДСИНТЕЗ"" (ОБЩЕСТВО С ОГРАНИЧЕННОЙ ОТВЕТСТВЕННОСТЬЮ ""ЗАВОД МЕДСИНТЕЗ"")",6635006422,6629012040,05.04.2006,"['620144, обл СВЕРДЛОВСКАЯ 66, г ЕКАТЕРИНБУРГ, ул 8 МАРТА, 90, А']",7-343-2707515,vlasov@medsintez.com,21.20.10.111,Препараты стоматологические
52,2660400248116000028,1540200.00,18.01.2016,31.12.2016,Электронный аукцион,"ГОСУДАРСТВЕННОЕ БЮДЖЕТНОЕ УЧРЕЖДЕНИЕ ЗДРАВООХРАНЕНИЯ СВЕРДЛОВСКОЙ ОБЛАСТИ  ""БЕРЕЗОВСКАЯ ЦЕНТРАЛЬНАЯ ГОРОДСКАЯ БОЛЬНИЦА""","ОБЩЕСТВО С ОГРАНИЧЕННОЙ ОТВЕТСТВЕННОСТЬЮ ""ЗАВОД МЕДСИНТЕЗ"" (ОБЩЕСТВО С ОГРАНИЧЕННОЙ ОТВЕТСТВЕННОСТЬЮ ""ЗАВОД МЕДСИНТЕЗ"")",6604002481,6629012040,05.04.2006,"['620144, обл СВЕРДЛОВСКАЯ 66, г ЕКАТЕРИНБУРГ, ул 8 МАРТА, 90, А']",8-343-2707515,nikolay.vlasov@medsintez.com,21.20.10.134,Растворы плазмозамещающие и перфузионные
53,2665600082316000026,1263715.65,18.01.2016,31.03.2017,"Закупка у единственного поставщика (подрядчика, исполнителя)","ГОСУДАРСТВЕННОЕ БЮДЖЕТНОЕ  УЧРЕЖДЕНИЕ ЗДРАВООХРАНЕНИЯ СВЕРДЛОВСКОЙ ОБЛАСТИ ""ТУРИНСКАЯ ЦЕНТРАЛЬНАЯ РАЙОННАЯ БОЛЬНИЦА ИМЕНИ О.Д. ЗУБОВА""","МУНИЦИПАЛЬНОЕ УНИТАРНОЕ ПРЕДПРИЯТИЕ ЖИЛИЩНО-КОММУНАЛЬНОГО ХОЗЯЙСТВА ""ТЕПЛО-ЭНЕРГО ЦЕХ № 1"" (МУП ЖКХ ""ТЕПЛО-ЭНЕРГО ЦЕХ №1"")",6656000823,6676001303,06.11.2012,"['623900, обл СВЕРДЛОВСКАЯ 66, г ТУРИНСК, ул ДЕКАБРИСТОВ, 13']",8-34349-22293,нет@нет.ru,35.30.11.111,"Энергия тепловая, отпущенная тепловыми электроцентралями (ТЭЦ)"
54,3662200252616000003,2738444.00,12.01.2016,31.03.2016,"Закупка у единственного поставщика (подрядчика, исполнителя)","МУНИЦИПАЛЬНОЕ  ОБЩЕОБРАЗОВАТЕЛЬНОЕ  УЧРЕЖДЕНИЕ  ""ОСНОВНАЯ  ОБЩЕОБРАЗОВАТЕЛЬНАЯ  ШКОЛА  С.  АКИНФИЕВО""","ОТКРЫТОЕ АКЦИОНЕРНОЕ ОБЩЕСТВО ""ЭНЕРГОСБЫТ ПЛЮС"" (ОАО ""ЭНЕРГОСБЫТ ПЛЮС"")",6622002526,5612042824,22.05.2014,"['143421, ОБЛ МОСКОВСКАЯ 50, Р-Н КРАСНОГОРСКИЙ, АВТОДОРОГА БАЛТИЯ, ТЕР 26 КМ БИЗНЕС-ЦЕНТР РИГА-ЛЕНД, 3']",8-34345-31039,sesb@ies-holding.com,35.12.10.110,Услуги по передаче электроэнергии
55,3665845686916000013,1597525.00,12.01.2016,31.03.2016,Электронный аукцион,МУНИЦИПАЛЬНОЕ КАЗЕННОЕ УЧРЕЖДЕНИЕ ЦЕНТР БУХГАЛТЕРСКОГО И МАТЕРИАЛЬНО-ТЕХНИЧЕСКОГО ОБЕСПЕЧЕНИЯ ОБРАЗОВАТЕЛЬНЫХ УЧРЕЖДЕНИЙ ГОРОДА ЕКАТЕРИНБУРГА,"Общество с ограниченной ответственностью ""Канц-Ек"" (ООО ""Канц-Ек"")",6658456869,6672302349,07.09.2009,"['620142, Российская Федерация, Свердловская обл., г. Екатеринбург, ул. Щорса, 7, ОКАТО: 65401000000']",7-343-3787261,vip54@region.komus,17.12.14.119,Бумага для печати прочая
56,2666305633716000001,2304246.97,18.01.2016,31.12.2016,"Закупка у единственного поставщика (подрядчика, исполнителя)","ГОСУДАРСТВЕННОЕ КАЗЕННОЕ ОБЩЕОБРАЗОВАТЕЛЬНОЕ УЧРЕЖДЕНИЕ СВЕРДЛОВСКОЙ ОБЛАСТИ ""ЕКАТЕРИНБУРГСКАЯ ШКОЛА-ИНТЕРНАТ № 10, РЕАЛИЗУЮЩАЯ АДАПТИРОВАННЫЕ ОСНОВНЫЕ ОБЩЕОБРАЗОВАТЕЛЬНЫЕ ПРОГРАММЫ""","ПУБЛИЧНОЕ АКЦИОНЕРНОЕ ОБЩЕСТВО ""Т ПЛЮС"" (ПАО ""Т ПЛЮС"")",6663056337,6315376946,15.06.2015,"['143421, обл МОСКОВСКАЯ 50, р-н КРАСНОГОРСКИЙ, автодорога БАЛТИЯ, тер БИЗНЕС-ЦЕНТР РИГА-ЛЕНД, СТРОЕНИЕ 3']",7-343-3555423,info@tplusgroup.ru,35.30.11.111,"Энергия тепловая, отпущенная тепловыми электроцентралями (ТЭЦ)"
57,2668300578916000016,1079806.20,18.01.2016,30.06.2016,Электронный аукцион,"государственное бюджетное учреждение здравоохранения Свердловской области ""Городская больница № 1 город Асбест""","ОТКРЫТОЕ АКЦИОНЕРНОЕ ОБЩЕСТВО ""ЛИНДЕ УРАЛТЕХГАЗ"" (ОАО ""ЛИНДЕ УРАЛТЕХГАЗ"")",6683005789,6659010266,01.01.1993,"['620050, обл СВЕРДЛОВСКАЯ 66, г ЕКАТЕРИНБУРГ, ул МОНТАЖНИКОВ, 3']",7-343-2515050,UZTG@TECHGAZ.RU,20.11.11.150,Кислород
58,1665814577516000011,2638611.12,18.01.2016,30.06.2016,Электронный аукцион,УПРАВЛЕНИЕ ФЕДЕРАЛЬНОЙ СЛУЖБЫ БЕЗОПАСНОСТИ РОССИЙСКОЙ ФЕДЕРАЦИИ ПО СВЕРДЛОВСКОЙ ОБЛАСТИ,"Макрорегиональный филиал ""Урал"" ПУБЛИЧНОГО АКЦИОНЕРНОГО ОБЩЕСТВА МЕЖДУГОРОДНОЙ И МЕЖДУНАРОДНОЙ СВЯЗИ ""РОСТЕЛЕКОМ"" (Макрорегиональный филиал ""Урал"" ПАО ""РОСТЕЛЕКОМ"")",,7707049388,25.07.2006,"['620110, г.Екатеринбург, ул. Луначарского, д.134/Б']",7-343-3544919,Leshhukova-eyu@ural.rt.ru,61.90.10.160,Услуги связи по предоставлению каналов связи
59,3664601148816000004,2000000.00,18.01.2016,31.12.2016,"Закупка у единственного поставщика (подрядчика, исполнителя)",АДМИНИСТРАЦИЯ МИХАЙЛОВСКОГО МУНИЦИПАЛЬНОГО ОБРАЗОВАНИЯ,"ОТКРЫТОЕ АКЦИОНЕРНОЕ ОБЩЕСТВО ""ЭНЕРГОСБЫТ ПЛЮС"" (ОАО ""ЭНЕРГОСБЫТ ПЛЮС"")",6646011488,5612042824,22.05.2014,"['143421, обл МОСКОВСКАЯ 50, р-н КРАСНОГОРСКИЙ, автодорога БАЛТИЯ, тер БИЗНЕС-ЦЕНТР РИГА-ЛЕНД, 3']",7-343-3576966,sesb@ies-holding.com,35.11.10.149,"Электроэнергия, произведенная прочими электростанциями от возобновляемых источников энергии"
60,2666001041516000023,4090962.48,14.01.2016,31.07.2017,Электронный аукцион,МИНИСТЕРСТВО ЗДРАВООХРАНЕНИЯ СВЕРДЛОВСКОЙ ОБЛАСТИ,"ЗАКРЫТОЕ АКЦИОНЕРНОЕ ОБЩЕСТВО ""РЕГУЛ-ФАРМИМЭКС"" (ЗАО ""РЕГУЛ-ФАРМИМЭКС"")",6660010415,3666053603,17.05.2013,"['394033, обл ВОРОНЕЖСКАЯ 36, г ВОРОНЕЖ, пр-кт ЛЕНИНСКИЙ, 119, В']",7-4732-605959,farmonix@yandex.ru,21.20.10.194,Препараты противовирусные для системного применения
61,2666001041516000027,4164732.00,18.01.2016,01.07.2016,Электронный аукцион,МИНИСТЕРСТВО ЗДРАВООХРАНЕНИЯ СВЕРДЛОВСКОЙ ОБЛАСТИ,"ОБЩЕСТВО С ОГРАНИЧЕННОЙ ОТВЕТСТВЕННОСТЬЮ ""САВ-ФАРМ"" (ООО ""САВ-ФАРМ"")",6660010415,6686006036,04.04.2012,"['620012, обл СВЕРДЛОВСКАЯ 66, г ЕКАТЕРИНБУРГ, пл 1-Й ПЯТИЛЕТКИ, Б/Н, СКЛАД ЦЕХА 61']",7-343-3100055,оpt1@raduga-farma.ru,21.20.10.114,Препараты для лечения заболеваний печени и желчевыводящих путей
62,1667007301216000005,2833060.22,18.01.2016,30.04.2016,Электронный аукцион,УПРАВЛЕНИЕ ФЕДЕРАЛЬНОЙ СЛУЖБЫ СУДЕБНЫХ ПРИСТАВОВ ПО СВЕРДЛОВСКОЙ ОБЛАСТИ,"ОБЩЕСТВО С ОГРАНИЧЕННОЙ ОТВЕТСТВЕННОСТЬЮ ""ГАЗПРОМНЕФТЬ - КОРПОРАТИВНЫЕ ПРОДАЖИ"" отделение ""Урал""",6670073012,5259033080,30.10.2013,"['620100, г. Екатеринбург, ул. Сибирский тракт, 12 строение 7']",8-343-3572280,f885@mail.ru,19.20.21.100,Бензин автомобильный
63,1722300731616000003,1584270.54,14.01.2016,31.12.2016,Электронный аукцион,"Федеральное казенное учреждение ""Федеральное управление автомобильных дорог ""Урал"" Федерального дорожного агентства""","Общество с ограниченной ответственностью ""Золотой Век"" (ООО «Золотой век»)",7223007316,6670359847,17.11.2011,"['620062, Свердловская область, г. Екатеринбург, ул. Гагарина, 37-29']",8-343-3751623,y-pospelov@yandex.ru,52.21.22.000,Услуги по эксплуатации автомагистралей
64,3660700258516000022,15428290.95,18.01.2016,31.12.2016,Электронный аукцион,Администрация Верхнесалдинского городского округа,"ОБЩЕСТВО С ОГРАНИЧЕННОЙ ОТВЕТСТВЕННОСТЬЮ ""БАЗОВЫЙ КАПИТАЛ ТЕХНОСТРОЙ"" (ООО ""БКТС"")",6607002585,6623092226,22.02.2013,"['622048, обл СВЕРДЛОВСКАЯ 66, г НИЖНИЙ ТАГИЛ, ул КАЛИНИНА, 84, 54']",8-912-2525259,techostroy@mail.ru,81.29.12.000,Услуги по подметанию и уборке снега
65,3666106190216000003,1700000.00,18.01.2016,31.12.2016,"Закупка у единственного поставщика (подрядчика, исполнителя)",МУНИЦИПАЛЬНОЕ БЮДЖЕТНОЕ ОБЩЕОБРАЗОВАТЕЛЬНОЕ УЧРЕЖДЕНИЕ  ГИМНАЗИЯ № 120,ОАО Свердловский инструментальный завод,6661061902,6661000071,12.03.1993,"['620142, Свердловская область, город Екатеринбург, ул. Фрунзе, д. 35А']","+7 (343) 257-24-04, 257-03-23",zavod@siz66.ru,35.30.11.111,"Энергия тепловая, отпущенная тепловыми электроцентралями (ТЭЦ)"
66,3663000222316000009,2393283.12,14.01.2016,31.12.2016,Электронный аукцион,"Муниципальное казенное учреждение ""Управление городского хозяйства""","ОБЩЕСТВО С ОГРАНИЧЕННОЙ ОТВЕТСТВЕННОСТЬЮ ""УСПЕНИЕ"" (ООО ""УСПЕНИЕ"")",6630002223,6630013874,31.12.2010,"['624205, обл СВЕРДЛОВСКАЯ 66, г ЛЕСНОЙ, ул КИРОВА, 48, 9']",8-34342-61580,uspenie-lesnoy@mail.ru,96.03.11.000,Услуги по захоронению и кремации
67,2666700371316000027,1577164.80,14.01.2016,28.02.2017,Электронный аукцион,"ГОСУДАРСТВЕННОЕ БЮДЖЕТНОЕ УЧРЕЖДЕНИЕ ЗДРАВООХРАНЕНИЯ СВЕРДЛОВСКОЙ ОБЛАСТИ ""ГОРОДСКАЯ БОЛЬНИЦА № 1 ГОРОД НИЖНИЙ ТАГИЛ""","ОБЩЕСТВО С ОГРАНИЧЕННОЙ ОТВЕТСТВЕННОСТЬЮ ""ЗАВОД МЕДСИНТЕЗ"" (ОБЩЕСТВО С ОГРАНИЧЕННОЙ ОТВЕТСТВЕННОСТЬЮ ""ЗАВОД МЕДСИНТЕЗ"")",6667003713,6629012040,05.04.2006,"['620144, обл СВЕРДЛОВСКАЯ 66, г ЕКАТЕРИНБУРГ, ул 8 МАРТА, 90, А']",8-343-2707515,boris.sanatin@medsintez.com,21.20.10.113,Препараты для лечения функциональных расстройств желудочно-кишечного тракта
68,1667129025016000009,2973657.00,14.01.2016,31.12.2016,Электронный аукцион,"УРАЛЬСКОЕ УПРАВЛЕНИЕ ФЕДЕРАЛЬНОЙ СЛУЖБЫ ПО ЭКОЛОГИЧЕСКОМУ, ТЕХНОЛОГИЧЕСКОМУ И АТОМНОМУ НАДЗОРУ","Общество с ограниченной ответственностью Частное охранное предприятие ""Центр безопасности ""АРГО"" (ООО ЧОП ""Центр безопасности ""Арго"")",6671290250,6673105880,08.12.2003,"['620075, Свердловская область, г. Екатеринбург, ул. Тургенева, 13, литер Д офис 509']",7-343-2212976,argo-e@e1.ru,80.10.12.000,Услуги охраны
69,2666001041516000025,1102150.00,14.01.2016,31.12.2016,Электронный аукцион,МИНИСТЕРСТВО ЗДРАВООХРАНЕНИЯ СВЕРДЛОВСКОЙ ОБЛАСТИ,"ПУБЛИЧНОЕ АКЦИОНЕРНОЕ ОБЩЕСТВО ""ФАРМАЦЕВТИЧЕСКИЙ ИМПОРТ, ЭКСПОРТ"" (ПАО ""ФАРМИМЭКС"")",6660010415,7710106212,30.12.1993,"['125009, г МОСКВА 77, ул ДМИТРОВКА Б., 7/5, СТР.5']",7-495-6927285,tender@pharmimex.com,21.20.10.112,Препараты для лечения заболеваний связанных с нарушением кислотности
70,1667129025016000010,1092000.00,14.01.2016,31.12.2016,Электронный аукцион,"УРАЛЬСКОЕ УПРАВЛЕНИЕ ФЕДЕРАЛЬНОЙ СЛУЖБЫ ПО ЭКОЛОГИЧЕСКОМУ, ТЕХНОЛОГИЧЕСКОМУ И АТОМНОМУ НАДЗОРУ","Общество с ограниченной ответственностью Частное охранное предприятие ""Центр безопасности ""АРГО"" (ООО ЧОП ""Центр безопасности Арго"")",6671290250,6673105880,03.12.2003,"['620075, Свердловская область, г. Екатеринбург. ул. Тургенева, 13, литер Д, офис 509']",7-343-2212976,argo-e@e1.ru,80.10.12.000,Услуги охраны
71,3661901093616000002,3200000.00,30.01.2016,31.12.2016,"Закупка у единственного поставщика (подрядчика, исполнителя)","МУНИЦИПАЛЬНОЕ КАЗЁННОЕ УЧРЕЖДЕНИЕ КУЛЬТУРЫ АЧИТСКОГО ГОРОДСКОГО ОКРУГА ""АЧИТСКИЙ РАЙОННЫЙ ДОМ КУЛЬТУРЫ""",МУНИЦИПАЛЬНОЕ УНИТАРНОЕ  ПРЕДПРИЯТИЕ ЖИЛИЩНО-КОММУНАЛЬНОГО ХОЗЯЙСТВА АЧИТСКОГО ГОРОДСКОГО ОКРУГА (МУП ЖКХ АГО),6619010936,6637000320,30.06.1991,"['623230, обл СВЕРДЛОВСКАЯ 66, рп АЧИТ, ул СВОБОДЫ, 2']",7-34391-71352,1@1.ru,35.30.12.130,Услуги по транспортированию горячей воды
72,2664600142616000011,2733084.91,18.01.2016,31.12.2016,"Закупка у единственного поставщика (подрядчика, исполнителя)","ГОСУДАРСТВЕННОЕ БЮДЖЕТНОЕ УЧРЕЖДЕНИЕ ЗДРАВООХРАНЕНИЯ СВЕРДЛОВСКОЙ ОБЛАСТИ ""БИСЕРТСКАЯ ГОРОДСКАЯ БОЛЬНИЦА""","ОТКРЫТОЕ АКЦИОНЕРНОЕ ОБЩЕСТВО ""ЭНЕРГОСБЫТ ПЛЮС"" (ОАО ""ЭНЕРГОСБЫТ ПЛЮС"")",6646001426,5612042824,22.05.2014,"['143421, обл МОСКОВСКАЯ 50, р-н КРАСНОГОРСКИЙ, автодорога БАЛТИЯ, тер БИЗНЕС-ЦЕНТР РИГА-ЛЕНД, 3']",7-34398-21640,sesb@ies-holding.com,35.11.10.112,"Электроэнергия, произведенная теплоэлектроцентралями (ТЭЦ) общего назначения"
73,3666000798016000034,3770000.00,28.01.2016,31.12.2016,"Закупка у единственного поставщика (подрядчика, исполнителя)","МУНИЦИПАЛЬНОЕ БЮДЖЕТНОЕ УЧРЕЖДЕНИЕ ""ЦЕНТРАЛЬНАЯ ГОРОДСКАЯ БОЛЬНИЦА №7""",Екатеринбургское муниципальное унитарное предприятие водопроводно-канализационного хозяйства,6660007980,6608001915,20.01.2004,"['620075, Свердловская область, город Екатеринбург, г. Екатеринбург, ул. К. Либкнехта, 43 ""А""']",333 22 11,info@vodokanalekb.ru,36.00.30.000,"Услуги по торговле водой, поставляемой по трубопроводам"
74,2666000058316000020,2642552.65,28.01.2016,31.12.2016,"Закупка у единственного поставщика (подрядчика, исполнителя)","ГОСУДАРСТВЕННОЕ БЮДЖЕТНОЕ ОБЩЕОБРАЗОВАТЕЛЬНОЕ УЧРЕЖДЕНИЕ СВЕРДЛОВСКОЙ ОБЛАСТИ КАДЕТСКАЯ ШКОЛА-ИНТЕРНАТ ""ЕКАТЕРИНБУРГСКИЙ КАДЕТСКИЙ КОРПУС""","АКЦИОНЕРНОЕ ОБЩЕСТВО ""ЕКАТЕРИНБУРГЭНЕРГОСБЫТ"" (АО ""ЕЭНС"")",6660000583,6671250899,30.01.2008,"['620144, ОБЛ СВЕРДЛОВСКАЯ 66, Г ЕКАТЕРИНБУРГ, УЛ СУРИКОВА, ДОМ 48']",8-343-2157693,budget@eens.ru,35.13.10.000,Услуги по распределению электроэнергии
75,3666000798016000035,1300000.00,28.01.2016,31.12.2016,"Закупка у единственного поставщика (подрядчика, исполнителя)","МУНИЦИПАЛЬНОЕ БЮДЖЕТНОЕ УЧРЕЖДЕНИЕ ""ЦЕНТРАЛЬНАЯ ГОРОДСКАЯ БОЛЬНИЦА №7""","Публичное акционерное общество междугородной и международной электрической связи «Ростелеком» (ПАО""Ростелеком"")",6660007980,7707049388,09.09.2002,"['191002, город федерального значения Санкт-Петербург, ул. Достоевского, дом 15']",(343) 355-50-43,Anna.V.Ermakova@RT.RU,61.10.11.110,"Услуги по предоставлению внутризоновых, междугородных и международных телефонных соединений"
76,3666005552916000018,1014821.00,14.01.2016,31.12.2016,Электронный аукцион,"МУНИЦИПАЛЬНОЕ БЮДЖЕТНОЕ УЧРЕЖДЕНИЕ ""ДЕТСКАЯ ГОРОДСКАЯ БОЛЬНИЦА № 10""","ОБЩЕСТВО С ОГРАНИЧЕННОЙ ОТВЕТСТВЕННОСТЬЮ ""СОВРЕМЕННЫЕ ТЕХНОЛОГИИ"" (ООО ""СОВРЕМЕННЫЕ ТЕХНОЛОГИИ"")",6660055529,6679017291,10.07.2012,"['620010, обл СВЕРДЛОВСКАЯ 66, г ЕКАТЕРИНБУРГ, ул ЧЕРНЯХОВСКОГО, 63, 24А']",8-343-2317965,tdo@technologies-m.ru,31.01.12.190,Мебель офисная деревянная прочая
77,2662100481016000027,4129018.30,28.01.2016,31.12.2016,Электронный аукцион,"государственное бюджетное учреждение здравоохранения Свердловской области ""Невьянская центральная районная больница""","Общество с ограниченной ответственностью ""Фармсервис""",6621004810,2312178145,24.01.2011,"['350018, Российская Федерация, Краснодарский край, г. Краснодар, ул. Сормовская, дом 7 литер Г, ОКАТО: 03401372000']",7-989-2900000,tender@phsv.ru,21.20.10.213,Иммуномодуляторы
78,1667033496216000014,2200000.00,28.01.2016,31.12.2016,"Закупка у единственного поставщика (подрядчика, исполнителя)","ФЕДЕРАЛЬНОЕ КАЗЕННОЕ УЧРЕЖДЕНИЕ ""ОБЪЕДИНЕННОЕ СТРАТЕГИЧЕСКОЕ КОМАНДОВАНИЕ ЦЕНТРАЛЬНОГО ВОЕННОГО ОКРУГА""","ОТКРЫТОЕ АКЦИОНЕРНОЕ ОБЩЕСТВО ""ОСЕТРОВСКИЙ РЕЧНОЙ ПОРТ"" (ОАО ""ОСЕТРОВСКИЙ РЕЧНОЙ ПОРТ"")",,3818000687,15.02.2006,"['666780, обл ИРКУТСКАЯ 38, г УСТЬ-КУТ, ул КИРОВА, 136']",7-39565-50035,priemnay@port-osetrovo.ru,52.24.11.110,Услуги по обработке грузов в специальных контейнерах в портах
79,3665400806216000001,1437162.01,28.01.2016,31.12.2016,"Закупка у единственного поставщика (подрядчика, исполнителя)","МУНИЦИПАЛЬНОЕ КАЗЕННОЕ ОБЩЕОБРАЗОВАТЕЛЬНОЕ УЧРЕЖДЕНИЕ ""ЕЛАНСКАЯ СРЕДНЯЯ ОБЩЕОБРАЗОВАТЕЛЬНАЯ ШКОЛА""","ОБЩЕСТВО С ОГРАНИЧЕННОЙ ОТВЕТСТВЕННОСТЬЮ ""ЭНЕРГОРЕСУРС"" (ООО ""ЭНЕРГОРЕСУРС"")",6654008062,6678032378,24.02.2014,"['620920, обл СВЕРДЛОВСКАЯ 66, г ЕКАТЕРИНБУРГ, п СЕВЕРКА, ул КОСМОНАВТОВ, 13, ОФИС 1']",7-34371-2434386,mouo28@mail.ru,35.30.11.120,"Энергия тепловая, отпущенная котельными"
80,2666100219916000071,6193527.45,28.01.2016,31.12.2016,Электронный аукцион,"ГОСУДАРСТВЕННОЕ БЮДЖЕТНОЕ УЧРЕЖДЕНИЕ ЗДРАВООХРАНЕНИЯ  СВЕРДЛОВСКОЙ ОБЛАСТИ ""ОБЛАСТНАЯ ДЕТСКАЯ КЛИНИЧЕСКАЯ БОЛЬНИЦА №1""","ОБЩЕСТВО С ОГРАНИЧЕННОЙ ОТВЕТСТВЕННОСТЬЮ ""ФАРМСЕРВИС"" (ООО ""ФАРМСЕРВИС"")",6661002199,2312178145,24.01.2011,"['350018, край КРАСНОДАРСКИЙ 23, г КРАСНОДАР, ул СОРМОВСКАЯ, ДОМ 7, ЛИТЕР Г']",7-989-2900000,tender@phsv.ru,21.20.10.214,Иммунодепрессанты
81,2665846316816000103,9176255.00,28.01.2016,31.12.2016,Электронный аукцион,"ГОСУДАРСТВЕННОЕ БЮДЖЕТНОЕ УЧРЕЖДЕНИЕ ЗДРАВООХРАНЕНИЯ СВЕРДЛОВСКОЙ ОБЛАСТИ ""СВЕРДЛОВСКИЙ ОБЛАСТНОЙ ОНКОЛОГИЧЕСКИЙ ДИСПАНСЕР""","ОБЩЕСТВО С ОГРАНИЧЕННОЙ ОТВЕТСТВЕННОСТЬЮ ""КОМПАНИЯ ""ЛИГА 7"" (ОБЩЕСТВО С ОГРАНИЧЕННОЙ ОТВЕТСТВЕННОСТЬЮ ""КОМПАНИЯ ""ЛИГА 7"")",6658463168,6639015160,22.04.2011,"['620075, обл СВЕРДЛОВСКАЯ 66, г ЕКАТЕРИНБУРГ, ул ВОСТОЧНАЯ, 56, 20']",7-343-2424223,koroleva@liga7.com,21.20.10.211,Препараты противоопухолевые
82,3666000798016000038,15921000.00,28.01.2016,31.12.2016,"Закупка у единственного поставщика (подрядчика, исполнителя)","МУНИЦИПАЛЬНОЕ БЮДЖЕТНОЕ УЧРЕЖДЕНИЕ ""ЦЕНТРАЛЬНАЯ ГОРОДСКАЯ БОЛЬНИЦА №7""","Филиал ""Свердловский"" Публичного акционерного общества ""Т Плюс""",6660007980,6315376946,01.08.2005,"['620062, Свердловская область, город Екатеринбург, пр. Ленина, 99а']",8(343)3555413,info_stk@ies-holding.com,35.30.11.111,"Энергия тепловая, отпущенная тепловыми электроцентралями (ТЭЦ)"
83,2666402954416000012,1218700.00,28.01.2016,31.12.2016,"Закупка у единственного поставщика (подрядчика, исполнителя)","ГОСУДАРСТВЕННОЕ КАЗЕННОЕ СТАЦИОНАРНОЕ УЧРЕЖДЕНИЕ СОЦИАЛЬНОГО ОБСЛУЖИВАНИЯ НАСЕЛЕНИЯ СВЕРДЛОВСКОЙ ОБЛАСТИ ""ЕКАТЕРИНБУРГСКИЙ ДЕТСКИЙ ДОМ-ИНТЕРНАТ ДЛЯ УМСТВЕННО-ОТСТАЛЫХ ДЕТЕЙ""",ЕКАТЕРИНБУРГСКОЕ МУНИЦИПАЛЬНОЕ УНИТАРНОЕ ПРЕДПРИЯТИЕ ВОДОПРОВОДНО-КАНАЛИЗАЦИОННОГО ХОЗЯЙСТВА (-),6664029544,6608001915,20.01.2004,"['620075, обл СВЕРДЛОВСКАЯ 66, г ЕКАТЕРИНБУРГ, ул КАРЛА ЛИБКНЕХТА, 43А']",7-343-000000,000@mail.ru,36.00.20.130,Услуги по транспортированию и распределению воды по водопроводам
84,2665846316816000102,52020920.00,28.01.2016,31.12.2016,Электронный аукцион,"ГОСУДАРСТВЕННОЕ БЮДЖЕТНОЕ УЧРЕЖДЕНИЕ ЗДРАВООХРАНЕНИЯ СВЕРДЛОВСКОЙ ОБЛАСТИ ""СВЕРДЛОВСКИЙ ОБЛАСТНОЙ ОНКОЛОГИЧЕСКИЙ ДИСПАНСЕР""","ОБЩЕСТВО С ОГРАНИЧЕННОЙ ОТВЕТСТВЕННОСТЬЮ ""САВ-ФАРМ"" (ООО ""САВ-ФАРМ"")",6658463168,6686006036,04.04.2012,"['620012, обл СВЕРДЛОВСКАЯ 66, г ЕКАТЕРИНБУРГ, пл 1-Й ПЯТИЛЕТКИ, Б/Н, СКЛАД ЦЕХА 61']",7-343-3100055,sav-farm@mail.ru,21.20.10.211,Препараты противоопухолевые
85,3660700258516000027,1800522.20,28.01.2016,31.12.2016,Электронный аукцион,Администрация Верхнесалдинского городского округа,"ОБЩЕСТВО С ОГРАНИЧЕННОЙ ОТВЕТСТВЕННОСТЬЮ ""ЭЛЕКТРОПРОФИ"" (ООО ""ЭЛЕКТРОПРОФИ"")",6607002585,6607014090,01.01.2013,"['624760, обл СВЕРДЛОВСКАЯ 66, г ВЕРХНЯЯ САЛДА, ул ПРОЛЕТАРСКАЯ, 2, Б, 11']",8-922-6158540,elektroprofi@bk.ru,43.21.10.110,"Работы по монтажу основных сетей электроосвещения и электроснабжения или электроарматуры, требующие специальной квалификации, в зданиях, сооружениях и на прочих строительных объектах"
86,3664700268716000001,1297500.00,08.01.2016,31.03.2016,Электронный аукцион,МУНИЦИПАЛЬНОЕ БЮДЖЕТНОЕ ОБЩЕОБРАЗОВАТЕЛЬНОЕ УЧРЕЖДЕНИЕ НОВОЛЯЛИНСКОГО ГОРОДСКОГО ОКРУГА «СРЕДНЯЯ ОБЩЕОБРАЗОВАТЕЛЬНАЯ ШКОЛА № 10»,Староверова Ирина ЮрьевнаИндивидуальный предприниматель,6647002687,09.02.2012,09.02.2012,"['624420, Свердловская область, п.Лобва, ул. Островского,26']",8-950-6414054,kosty-05@mail.ru,56.29.20.120,Услуги школьных столовых и кухонь
87,1668000001316000002,8919000.00,21.01.2016,31.12.2016,"Закупка у единственного поставщика (подрядчика, исполнителя)",МЕЖРАЙОННАЯ ИНСПЕКЦИЯ ФЕДЕРАЛЬНОЙ НАЛОГОВОЙ СЛУЖБЫ № 26 ПО СВЕРДЛОВСКОЙ ОБЛАСТИ,Ядрышникова Лидия НиколаевнаИндивидуальный предприниматель,6680000013,26.12.2005,26.12.2005,"['Свердловская область, г. Серов, ул. Февральской Революции, 2а']",8-34385-38588,bogatovatatiana@rambler.ru,68.20.12.000,Услуги по сдаче в аренду (внаем) собственных или арендованных нежилых помещений
88,3660500282216000002,3483106.21,21.01.2016,31.12.2016,"Закупка у единственного поставщика (подрядчика, исполнителя)","МУНИЦИПАЛЬНОЕ АВТОНОМНОЕ ОБЩЕОБРАЗОВАТЕЛЬНОЕ УЧРЕЖДЕНИЕ ""ОБЩЕОБРАЗОВАТЕЛЬНАЯ ШКОЛА - ИНТЕРНАТ № 9 СРЕДНЕГО ОБЩЕГО ОБРАЗОВАНИЯ""","МУНИЦИПАЛЬНОЕ УНИТАРНОЕ ПРЕДПРИЯТИЕ ""БОГДАНОВИЧСКИЕ ТЕПЛОВЫЕ СЕТИ"" (МУНИЦИПАЛЬНОЕ УНИТАРНОЕ ПРЕДПРИЯТИЕ ""БОГДАНОВИЧСКИЕ ТЕПЛОВЫЕ СЕТИ"")",6605002822,6633016986,11.10.2010,"['623530, обл СВЕРДЛОВСКАЯ 66, г БОГДАНОВИЧ, ул ГАГАРИНА, 26А']",7-34376-22481,bgd_oaef@mail.ru,35.30.11.120,"Энергия тепловая, отпущенная котельными"
89,3666001111216000010,2359898.65,28.01.2016,31.08.2016,Электронный аукцион,Администрация Кировского района города Екатеринбурга,"Общество с ограниченной ответственностью ""Мирай"" (ООО ""Мирай"")",6660011112,6659221348,28.06.2011,"['620057, Свердловская область, город Екатеринбург, Верх-Исетский район, 620057, Российская Федерация, Свердловская область, г, Екатеринбург, Даниловская, 43, Квартира (офис) 6']",8-343-3065802,kurginyan58@mail.ru,43.99.90.190,"Работы строительные с пециализированные прочие, не включенные в другие группировки"
90,3667802184116000004,1313999.13,21.01.2016,31.12.2016,"Закупка у единственного поставщика (подрядчика, исполнителя)","МУНИЦИПАЛЬНОЕ КАЗЕННОЕ УЧРЕЖДЕНИЕ ""УПРАВЛЕНИЕ ПО ОБЕСПЕЧЕНИЮ ДЕЯТЕЛЬНОСТИ ОРГАНОВ МЕСТНОГО САМОУПРАВЛЕНИЯ БЕРЕЗОВСКОГО ГОРОДСКОГО ОКРУГА""","ПУБЛИЧНОЕ АКЦИОНЕРНОЕ ОБЩЕСТВО ""ЭНЕРГОСБЫТ ПЛЮС"" (ПАО ""ЭНЕРГОСБЫТ ПЛЮС"")",6678021841,5612042824,22.05.2014,"['143421, обл МОСКОВСКАЯ 50, р-н КРАСНОГОРСКИЙ, автодорога БАЛТИЯ, тер БИЗНЕС-ЦЕНТР РИГА-ЛЕНД, 3']",7-495-9805900,info@esplus.ru,35.11.10.115,"Электроэнергия, произведенная атомными электростанциями (АЭС) общего назначения"
91,3661100598016000001,1207518.86,21.01.2016,31.12.2016,"Закупка у единственного поставщика (подрядчика, исполнителя)",МУНИЦИПАЛЬНОЕ КАЗЕННОЕ ОБЩЕОБРАЗОВАТЕЛЬНОЕ УЧРЕЖДЕНИЕ РЕЧКАЛОВСКАЯ СРЕДНЯЯ ОБЩЕОБРАЗОВАТЕЛЬНАЯ ШКОЛА,"ОТКРЫТОЕ АКЦИОНЕРНОЕ ОБЩЕСТВО ""ЭНЕРГОСБЫТ ПЛЮС"" (ОАО ""ЭНЕРГОСБЫТ ПЛЮС"")",6611005980,5612042824,22.05.2014,"['143421, обл МОСКОВСКАЯ 50, р-н КРАСНОГОРСКИЙ, автодорога БАЛТИЯ, тер БИЗНЕС-ЦЕНТР РИГА-ЛЕНД, 3']",8-34355-52497,sesb@ies-holding.com,35.12.10.110,Услуги по передаче электроэнергии
92,3661100592716000001,1247136.41,21.01.2016,30.10.2016,"Закупка у единственного поставщика (подрядчика, исполнителя)",МУНИЦИПАЛЬНОЕ КАЗЕННОЕ ОБЩЕОБРАЗОВАТЕЛЬНОЕ УЧРЕЖДЕНИЕ КИРГИНСКАЯ СРЕДНЯЯ ОБЩЕОБРАЗОВАТЕЛЬНАЯ ШКОЛА,"ОТКРЫТОЕ АКЦИОНЕРНОЕ ОБЩЕСТВО ""ЭНЕРГОСБЫТ ПЛЮС"" (ОАО ""ЭНЕРГОСБЫТ ПЛЮС"")",6611005927,5612042824,22.05.2014,"['143421, обл МОСКОВСКАЯ 50, р-н КРАСНОГОРСКИЙ, автодорога БАЛТИЯ, тер БИЗНЕС-ЦЕНТР РИГА-ЛЕНД, 3']",7-34355-52497,sesb@ies-holding.com,35.12.10.110,Услуги по передаче электроэнергии
93,3662801568016000003,1137960.36,27.01.2016,31.12.2016,"Закупка у единственного поставщика (подрядчика, исполнителя)","МУНИЦИПАЛЬНОЕ БЮДЖЕТНОЕ УЧРЕЖДЕНИЕ КУЛЬТУРЫ ""ДВОРЕЦ КУЛЬТУРЫ ""МЕТАЛЛУРГ"" ИМЕНИ ФЕРШТАТЕРА АСИРА АБРАМОВИЧА.","МУНИЦИПАЛЬНОЕ УНИТАРНОЕ ПРЕДПРИЯТИЕ РЕЖЕВСКОГО ГОРОДСКОГО ОКРУГА ""РЕЖПРОМ"" (МУП РГО ""РЕЖПРОМ"")",6628015680,6628015948,01.09.2011,"['623750, ОБЛ СВЕРДЛОВСКАЯ 66, Г РЕЖ, УЛ КРАСНОАРМЕЙСКАЯ, 26']",7-34364-21452,rezhprom@mail.ru,35.12.10.110,Услуги по передаче электроэнергии
94,1667033496216000012,3407745.60,28.01.2016,31.12.2016,"Закупка у единственного поставщика (подрядчика, исполнителя)","ФЕДЕРАЛЬНОЕ КАЗЕННОЕ УЧРЕЖДЕНИЕ ""ОБЪЕДИНЕННОЕ СТРАТЕГИЧЕСКОЕ КОМАНДОВАНИЕ ЦЕНТРАЛЬНОГО ВОЕННОГО ОКРУГА""","Акционерное общество ""Волжско-Уральская транспортная компания"" (АО ""ВолгаУралТранс"")",,6317023248,30.12.1992,"['443020, обл САМАРСКАЯ 63, г САМАРА, ул САДОВАЯ, 71']",00-000-000,/@mail.ru,52.24.13.000,Услуги по обработке грузов в портах прочие
95,3667138816716000001,4072211.77,27.01.2016,28.02.2017,Открытый конкурс,"МУНИЦИПАЛЬНОЕ КАЗЕННОЕ УЧРЕЖДЕНИЕ ""СЛУЖБА ГОРОДСКИХ КЛАДБИЩ""","""Комбинат специализированного обслуживания""",6671388167,6608004592,07.07.2003,"['620014, Свердловская область, город Екатеринбург, г. Екатеринбург , ул. Радищева 16']",7-343-2573194,kco1@pochta.ru,96.03.11.000,Услуги по захоронению и кремации
96,3662400697416000011,1961335.00,27.01.2016,30.10.2016,Электронный аукцион,"МУНИЦИПАЛЬНОЕ БЮДЖЕТНОЕ ОБЩЕОБРАЗОВАТЕЛЬНОЕ УЧРЕЖДЕНИЕ ""ИСОВСКАЯ СРЕДНЯЯ ОБЩЕОБРАЗОВАТЕЛЬНАЯ ШКОЛА""",Копытов Александр ПетровичИндивидуальный предприниматель,6624006974,26.10.2004,26.10.2004,"['РФ, 624220, Свердловская область, г. Нижняя Тура, ул. Декабристов, д. 1Б, 20']",7-34342-93476,kedr-is@mail.ru,56.29.20.120,Услуги школьных столовых и кухонь
97,2665808158516000112,1610629.14,27.01.2016,31.12.2016,Электронный аукцион,"государственное бюджетное учреждение здравоохранения Свердловской области ""Свердловская областная клиническая больница № 1""","ОБЩЕСТВО С ОГРАНИЧЕННОЙ ОТВЕТСТВЕННОСТЬЮ ""КОРДИС ЛАЙН"" (ООО ""КОРДИС ЛАЙН"")",6658081585,7709446260,08.01.2015,"['109147, г МОСКВА 77, ул ВОРОНЦОВСКАЯ, 35Б, 3']",7-495-6455665,info@Kordisline.ru,21.20.10.131,Антикоагулянты
98,2666001041516000039,7296000.00,27.01.2016,01.04.2016,Электронный аукцион,МИНИСТЕРСТВО ЗДРАВООХРАНЕНИЯ СВЕРДЛОВСКОЙ ОБЛАСТИ,"ОБЩЕСТВО С ОГРАНИЧЕННОЙ ОТВЕТСТВЕННОСТЬЮ ""САНДАЛ ЛТД"" (ООО ""САНДАЛ ЛТД"")",6660010415,6670357590,19.11.2015,"['620137, обл СВЕРДЛОВСКАЯ 66, г ЕКАТЕРИНБУРГ, ул КОМСОМОЛЬСКАЯ, ДОМ 8, ОФИС 2']",7-343-3319053,Vankevich_Tatiana@sandalltd.ru,21.20.21.125,"Вакцины вирусные инактивированные, применяемые в медицине"
99,2666001041516000038,21379080.00,27.01.2016,01.10.2016,Электронный аукцион,МИНИСТЕРСТВО ЗДРАВООХРАНЕНИЯ СВЕРДЛОВСКОЙ ОБЛАСТИ,"АКЦИОНЕРНОЕ ОБЩЕСТВО ""Р-ФАРМ"" (АО ""Р-ФАРМ"")",6660010415,7726311464,31.10.2013,"['123154, г МОСКВА 77, ул БЕРЗАРИНА, ДОМ 19, КОРПУС 1']",7-495-9567937,info@rpharm.ru,21.20.10.194,Препараты противовирусные для системного применения
100,1665901436616000031,1620000.00,27.01.2016,26.05.2016,Электронный аукцион,"ФЕДЕРАЛЬНОЕ ГОСУДАРСТВЕННОЕ БЮДЖЕТНОЕ ОБРАЗОВАТЕЛЬНОЕ УЧРЕЖДЕНИЕ ВЫСШЕГО ПРОФЕССИОНАЛЬНОГО ОБРАЗОВАНИЯ ""УРАЛЬСКИЙ ГОСУДАРСТВЕННЫЙ УНИВЕРСИТЕТ ПУТЕЙ СООБЩЕНИЯ""","Общество с ограниченной ответственностью ""Аграрно-Технический Союз""",6659014366,6670389288,23.10.2012,"['620041, г. Екатеринбург, ул. Блюхера, 21/А, 47']",7-963-0550000,info@atsoyuz.ru,26.51.53.190,"Приборы и аппаратура для физического или химического анализа прочие, не включенные в другие группировки"
101,1666400133016000005,1832370.08,27.01.2016,31.01.2017,"Закупка у единственного поставщика (подрядчика, исполнителя)",ФЕДЕРАЛЬНОЕ ГОСУДАРСТВЕННОЕ БЮДЖЕТНОЕ УЧРЕЖДЕНИЕ НАУКИ ИНСТИТУТ ЭКОЛОГИИ РАСТЕНИЙ И ЖИВОТНЫХ УРАЛЬСКОГО ОТДЕЛЕНИЯ РОССИЙСКОЙ АКАДЕМИИ НАУК,"ОТКРЫТОЕ АКЦИОНЕРНОЕ ОБЩЕСТВО ""ТЕПЛО-ЭНЕРГЕТИК"" (ОАО  ""ТЕПЛО-ЭНЕРГЕТИК"")",6664001330,8902010724,24.09.2004,"['629400, АО ЯМАЛО-НЕНЕЦКИЙ 89, г ЛАБЫТНАНГИ, ул КАРЬЕРНАЯ, 9']",7-34992-51795,oaoten@lbt.salekhard.ru,35.30.11.120,"Энергия тепловая, отпущенная котельными"
102,3662300075416000003,1600000.00,27.01.2016,31.12.2016,"Закупка у единственного поставщика (подрядчика, исполнителя)",Администрация города Нижний Тагил,"ОТКРЫТОЕ АКЦИОНЕРНОЕ ОБЩЕСТВО МЕЖДУГОРОДНОЙ И МЕЖДУНАРОДНОЙ ЭЛЕКТРИЧЕСКОЙ СВЯЗИ ""РОСТЕЛЕКОМ"" (ОТКРЫТОЕ АКЦИОНЕРНОЕ ОБЩЕСТВО МЕЖДУГОРОДНОЙ И МЕЖДУНАРОДНОЙ ЭЛЕКТРИЧЕСКОЙ СВЯЗИ ""РОСТЕЛЕКОМ"")",6623000754,7707049388,25.07.2006,"['191002, г САНКТ-ПЕТЕРБУРГ 78, ул ДОСТОЕВСКОГО, 15']",7-800-3001811,rostelecom@rt.ru,61.10.11.120,Услуги по предоставлению местных соединений
103,2665600082316000016,1283500.00,13.01.2016,31.12.2016,Электронный аукцион,"ГОСУДАРСТВЕННОЕ БЮДЖЕТНОЕ  УЧРЕЖДЕНИЕ ЗДРАВООХРАНЕНИЯ СВЕРДЛОВСКОЙ ОБЛАСТИ ""ТУРИНСКАЯ ЦЕНТРАЛЬНАЯ РАЙОННАЯ БОЛЬНИЦА ИМЕНИ О.Д. ЗУБОВА""","ОБЩЕСТВО С ОГРАНИЧЕННОЙ ОТВЕТСТВЕННОСТЬЮ ""ЗАВОД МЕДСИНТЕЗ"" (ОБЩЕСТВО С ОГРАНИЧЕННОЙ ОТВЕТСТВЕННОСТЬЮ ""ЗАВОД МЕДСИНТЕЗ"")",6656000823,6629012040,05.04.2006,"['620144, обл СВЕРДЛОВСКАЯ 66, г ЕКАТЕРИНБУРГ, ул 8 МАРТА, 90, А']",8-343-2707515,nikolay.vlasov@medsintez.com,21.20.10.134,Растворы плазмозамещающие и перфузионные
104,3662502457416000002,1953104.08,13.01.2016,30.06.2016,Электронный аукцион,"МУНИЦИПАЛЬНОЕ АВТОНОМНОЕ ДОШКОЛЬНОЕ ОБРАЗОВАТЕЛЬНОЕ УЧРЕЖДЕНИЕ ""ДЕТСКИЙ САД № 39 КОМБИНИРОВАННОГО ВИДА""","Общество с ограниченной ответственностью ""Молочный продукт"" (ООО ""Молочный продукт"")",6625024574,6625057107,02.02.2010,"['623100, Российская Федерация, Свердловская обл., г. Первоуральск, Пр. Ильича, 29 А, ОКАТО: 65480000000']",8-34397-38408,rmk_07@mail.ru,10.51.11.140,Молоко питьевое стерилизованное
105,2663100095916000011,1026800.00,13.01.2016,31.12.2016,Электронный аукцион,"ГОСУДАРСТВЕННОЕ БЮДЖЕТНОЕ УЧРЕЖДЕНИЕ ЗДРАВООХРАНЕНИЯ СВЕРДЛОВСКОЙ ОБЛАСТИ ""СЕВЕРОУРАЛЬСКАЯ ЦЕНТРАЛЬНАЯ ГОРОДСКАЯ БОЛЬНИЦА ""","ОБЩЕСТВО С ОГРАНИЧЕННОЙ ОТВЕТСТВЕННОСТЬЮ ""ЗАВОД МЕДСИНТЕЗ"" (ОБЩЕСТВО С ОГРАНИЧЕННОЙ ОТВЕТСТВЕННОСТЬЮ ""ЗАВОД МЕДСИНТЕЗ"")",6631000959,6629012040,05.04.2006,"['620144, обл СВЕРДЛОВСКАЯ 66, г ЕКАТЕРИНБУРГ, ул 8 МАРТА, 90, А']",7-343-2707515,boris.sanatin@medsintez.com,21.20.10.134,Растворы плазмозамещающие и перфузионные
106,3662000850816000001,2838195.91,13.01.2016,31.12.2016,"Закупка у единственного поставщика (подрядчика, исполнителя)","МУНИЦИПАЛЬНОЕ КАЗЕННОЕ УЧРЕЖДЕНИЕ ""СЛУЖБА ЕДИНОГО ЗАКАЗЧИКА""","ОТКРЫТОЕ АКЦИОНЕРНОЕ ОБЩЕСТВО ""ЭНЕРГОСБЫТ ПЛЮС"" (ОАО ""ЭНЕРГОСБЫТ ПЛЮС"")",6620008508,5612042824,22.05.2014,"['143421, обл МОСКОВСКАЯ 50, р-н КРАСНОГОРСКИЙ, автодорога БАЛТИЯ, тер БИЗНЕС-ЦЕНТР РИГА-ЛЕНД, 3']",7-34343-20843,sesb@ies-holding.com,35.12.10.110,Услуги по передаче электроэнергии
107,3662501747116000003,1186704.77,27.01.2016,31.12.2016,"Закупка у единственного поставщика (подрядчика, исполнителя)","МУНИЦИПАЛЬНОЕ АВТОНОМНОЕ ОБЩЕОБРАЗОВАТЕЛЬНОЕ УЧРЕЖДЕНИЕ ""ЛИЦЕЙ №21""","ОТКРЫТОЕ АКЦИОНЕРНОЕ ОБЩЕСТВО ""ЭНЕРГОСБЫТ ПЛЮС"" (ОАО ""ЭНЕРГОСБЫТ ПЛЮС"")",6625017471,5612042824,22.05.2014,"['143421, обл МОСКОВСКАЯ 50, р-н КРАСНОГОРСКИЙ, автодорога БАЛТИЯ, тер БИЗНЕС-ЦЕНТР РИГА-ЛЕНД, 3']",8-34396-69468,sesb@ies-holding.com,35.11.10.112,"Электроэнергия, произведенная теплоэлектроцентралями (ТЭЦ) общего назначения"
108,1664400291416000001,1221000.00,27.01.2016,31.03.2016,"Закупка у единственного поставщика (подрядчика, исполнителя)","федеральное казенное учреждение ""Колония-поселение № 45 Главного управления Федеральной службы исполнения наказаний по Свердловской области""","СЕЛЬСКОХОЗЯЙСТВЕННЫЙ ПРОИЗВОДСТВЕННЫЙ КООПЕРАТИВ ""ПРИГОРОДНОЕ"" (-)",6644002914,6611009022,03.03.2004,"['623840, обл СВЕРДЛОВСКАЯ 66, р-н ИРБИТСКИЙ, п СПУТНИК']",8-34355-33148,prigorodnoe-irbit@yandex.ru,01.46.10.220,"Молодняк свиней основного стада, кроме чистопородных"
109,3667129017916000001,4576309.93,13.01.2016,31.12.2016,Электронный аукцион,"МУНИЦИПАЛЬНОЕ БЮДЖЕТНОЕ УЧРЕЖДЕНИЕ ""ГОРОДСКАЯ СЛУЖБА АВТОПАРКОВОК""","Общество с ограниченной ответственностью ""СВП-АВТО""",6671290179,6673209790,11.12.2009,"['620039, 620039, Российская Федерация, Свердловская обл., г. Екатеринбург, 22-го партсъезда, 15']",+7(912)6555567,svplus08@bk.ru,81.29.12.000,Услуги по подметанию и уборке снега
110,1667227399416000017,1552544.59,25.01.2016,30.12.2016,"Закупка у единственного поставщика (подрядчика, исполнителя)","ФЕДЕРАЛЬНОЕ КАЗЕННОЕ УЧРЕЖДЕНИЕ ""УРАЛЬСКИЙ АВИАЦИОННЫЙ ПОИСКОВО-СПАСАТЕЛЬНЫЙ ЦЕНТР""","АКЦИОНЕРНОЕ ОБЩЕСТВО ""ЧЕЛЯБИНСКОЕ АВИАПРЕДПРИЯТИЕ"" (АКЦИОНЕРНОЕ ОБЩЕСТВО ""ЧЕЛЯБИНСКОЕ АВИАПРЕДПРИЯТИЕ"")",6672273994,7450003519,18.06.1994,"['454133, обл ЧЕЛЯБИНСКАЯ 74, г ЧЕЛЯБИНСК, п АЭРОПОРТ']",7-351-7783325,sekretar@cekport.ru,35.13.10.000,Услуги по распределению электроэнергии
111,3665201522616000003,1301270.74,25.01.2016,31.01.2017,"Закупка у единственного поставщика (подрядчика, исполнителя)","МУНИЦИПАЛЬНОЕ БЮДЖЕТНОЕ УЧРЕЖДЕНИЕ КУЛЬТУРЫ ""ПАТРУШЕВСКИЙ ЦЕНТР ДОСУГА""","МУНИЦИПАЛЬНОЕ УНИТАРНОЕ ПРЕДПРИЯТИЕ ЖИЛИЩНО-КОММУНАЛЬНОГО ХОЗЯЙСТВА ""ЗАПАДНОЕ"" СЫСЕРТСКОГО ГОРОДСКОГО ОКРУГА (МУП ЖКХ ""ЗАПАДНОЕ"")",6652015226,6652015850,01.01.2012,"['624016, обл СВЕРДЛОВСКАЯ 66, р-н СЫСЕРТСКИЙ, с ПАТРУШИ, ул КОЛХОЗНАЯ, 1']",8-34374-64402,mupzpd@mail.ru,35.30.11.120,"Энергия тепловая, отпущенная котельными"
112,3666205666216000014,18589516.00,25.01.2016,31.12.2016,Электронный аукцион,"Муниципальное автономное учреждение ""Городская больница № 36 ""Травматологическая""","Общество с ограниченной ответсвенностью 'Научно-производственное предприятие ""Волтарс' (ООО 'НПП Волтарс')",6662056662,6661077998,25.12.2002,"['620014, Российская Федерация, Свердловская обл., г. Екатеринбург, ул. Малышева, 28, 705, ОКАТО: 65401364000']",8-343-3683680,v.konkova@voltars.ru,32.50.22.127,Шины и прочие приспособления для лечения переломов
113,3663201495416000002,3297435.00,25.01.2016,31.05.2016,Конкурс с ограниченным участием,МУНИЦИПАЛЬНОЕ АВТОНОМНОЕ ОБЩЕОБРАЗОВАТЕЛЬНОЕ УЧРЕЖДЕНИЕ СРЕДНЯЯ ОБЩЕОБРАЗОВАТЕЛЬНАЯ ШКОЛА № 14 ИМ. В.Ф.ФУФАЧЕВА,Тарасова Надежда ВикторовнаИндивидуальный предприниматель,6632014954,28.04.2007,28.04.2007,"['624980, ОБЛ СВЕРДЛОВСКАЯ 66, Г СЕРОВ, УЛ ЛЕНИНА, 250, 39']",7-34385-63744,Eda-serov@mail.ru,56.29.20.120,Услуги школьных столовых и кухонь
114,2666202298416000026,1789096.32,13.01.2016,31.12.2016,Электронный аукцион,"ГОСУДАРСТВЕННОЕ БЮДЖЕТНОЕ УЧРЕЖДЕНИЕ ЗДРАВООХРАНЕНИЯ СВЕРДЛОВСКОЙ ОБЛАСТИ ""СВЕРДЛОВСКАЯ ОБЛАСТНАЯ КЛИНИЧЕСКАЯ ПСИХИАТРИЧЕСКАЯ БОЛЬНИЦА""","ОБЩЕСТВО С ОГРАНИЧЕННОЙ ОТВЕТСТВЕННОСТЬЮ ""ЗАВОД МЕДСИНТЕЗ"" (ОБЩЕСТВО С ОГРАНИЧЕННОЙ ОТВЕТСТВЕННОСТЬЮ ""ЗАВОД МЕДСИНТЕЗ"")",6662022984,6629012040,05.04.2006,"['620144, обл СВЕРДЛОВСКАЯ 66, г ЕКАТЕРИНБУРГ, ул 8 МАРТА, 90, А']",7-343-2707515,nikolay.vlasov@medsintez.com,21.20.10.134,Растворы плазмозамещающие и перфузионные
115,3663100025016000001,2219270.37,25.01.2016,31.01.2017,"Закупка у единственного поставщика (подрядчика, исполнителя)","МУНИЦИПАЛЬНОЕ БЮДЖЕТНОЕ УЧРЕЖДЕНИЕ КУЛЬТУРЫ ""ЦЕНТР КУЛЬТУРЫ И ИСКУССТВА""","ОТКРЫТОЕ АКЦИОНЕРНОЕ ОБЩЕСТВО ""ЭНЕРГОСБЫТ ПЛЮС"" (ОАО ""ЭНЕРГОСБЫТ ПЛЮС"")",6631000250,5612042824,22.05.2014,"['143421, ОБЛ МОСКОВСКАЯ 50, Р-Н КРАСНОГОРСКИЙ, АВТОДОРОГА БАЛТИЯ, ТЕР 26 КМ БИЗНЕС-ЦЕНТР РИГА-ЛЕНД, 3']",8-34380-31216,sesb@ies-holding.com,35.12.10.110,Услуги по передаче электроэнергии
116,3661201544516000007,1223808.74,25.01.2016,31.12.2016,Электронный аукцион,"муниципальное казенное учреждение ""Управление городского хозяйства""",ГРИГОРЬЕВ ВЛАДИМИР АЛЕКСАНДРОВИЧИндивидуальный предприниматель,6612015445,19.11.2013,19.11.2013,"['623412, ОБЛ СВЕРДЛОВСКАЯ 66, Г КАМЕНСК-УРАЛЬСКИЙ, УЛ КАМЕНСКАЯ, 57, 64']",7-912-2550099,v.g.metresurs@mail.ru,81.30.10.000,Услуги по планировке ландшафта
117,3667229211516000003,1346400.00,25.01.2016,31.01.2017,Электронный аукцион,"МУНИЦИПАЛЬНОЕ БЮДЖЕТНОЕ УЧРЕЖДЕНИЕ ""ЧКАЛОВСКОЕ ДОРОЖНО-ЭКСПЛУАТАЦИОННОЕ УПРАВЛЕНИЕ""","ООО ""АРТЛАЙНЕР""",6672292115,6679053370,08.07.2014,"['620076, Российская Федерация, Свердловская обл., г. Екатеринбург, ул. Походная, дом 76, 25, ОКАТО: 65401390000']",7-922-6112730,Lena.baranova.62@mail.ru,49.41.19.000,Услуги по перевозке грузов автомобильным транспортом прочие
118,3666205425616000030,1002666.67,25.01.2016,31.12.2016,Электронный аукцион,"Муниципальное бюджетное учреждение ""Центральная городская клиническая больница № 1 Октябрьского района""","""ОМТ-Сервис"" (ООО ""ОМТ-Сервис"")",6662054256,6671198127,07.08.2006,"['620102, Свердловская область, город Екатеринбург, 620102, Российская Федерация, Свердловская обл., г. Екатеринбург, ул. Ясная, 35']",8-343-2317910,tdo@omt-ural.ru,33.19.10.000,Услуги по ремонту прочего оборудования
119,3662100822916000005,1497363.59,25.01.2016,31.12.2016,"Закупка у единственного поставщика (подрядчика, исполнителя)",муниципальное бюджетное общеобразовательное учреждение средняя общеобразовательная школа №5 Невьянского городского округа,"АКЦИОНЕРНОЕ ОБЩЕСТВО ""РАСЧЕТНЫЙ ЦЕНТР УРАЛА"" (АО ""РЦ УРАЛА"")",6621008229,6659190330,11.12.2009,"['620141, обл СВЕРДЛОВСКАЯ 66, г ЕКАТЕРИНБУРГ, ул АРТИНСКАЯ, 15, 501']",8-343372-8891,rg@rgaz.usg.ru,35.30.11.120,"Энергия тепловая, отпущенная котельными"
120,3660100764317000003,2899521.68,25.01.2016,31.12.2016,"Закупка у единственного поставщика (подрядчика, исполнителя)","МУНИЦИПАЛЬНОЕ БЮДЖЕТНОЕ  ДОШКОЛЬНОЕ ОБРАЗОВАТЕЛЬНОЕ УЧРЕЖДЕНИЕ ""ДЕТСКИЙ САД № 43 ""ЛЕБЕДУШКА"" ОБЩЕРАЗВИВАЮЩЕГО ВИДА С ПРИОРИТЕТНЫМ ОСУЩЕСТВЛЕНИЕМ ДЕЯТЕЛЬНОСТИ ПО ХУДОЖЕСТВЕННО-ЭСТЕТИЧЕСКОМУ НАПРАВЛЕНИЮ РАЗВИТИЯ ДЕТЕЙ""","ЗАКРЫТОЕ АКЦИОНЕРНОЕ ОБЩЕСТВО ""ТЕПЛОЭНЕРГЕТИЧЕСКИЙ КОМПЛЕКС УРАЛЬСКОГО РЕГИОНА"" (ЗАКРЫТОЕ АКЦИОНЕРНОЕ ОБЩЕСТВО ""ТЕПЛОЭНЕРГЕТИЧЕСКИЙ КОМПЛЕКС УРАЛЬСКОГО РЕГИОНА"", ЗАО ""ТЭКУР"")",6601007643,6672219517,25.04.2007,"['624601, обл СВЕРДЛОВСКАЯ 66, г АЛАПАЕВСК, ул КОРОБКИНА, 14, 20']",7-34346-21117,filtekur@mail.ru,35.30.11.120,"Энергия тепловая, отпущенная котельными"
121,3663100609016000002,2520000.00,25.01.2016,28.02.2017,"Закупка у единственного поставщика (подрядчика, исполнителя)",МУНИЦИПАЛЬНОЕ АВТОНОМНОЕ ОБЩЕОБРАЗОВАТЕЛЬНОЕ УЧРЕЖДЕНИЕ СРЕДНЯЯ ОБЩЕОБРАЗОВАТЕЛЬНАЯ ШКОЛА №11,"МУНИЦИПАЛЬНОЕ УНИТАРНОЕ ПРЕДПРИЯТИЕ ""КОМЭНЕРГОРЕСУРС"" (МУП ""КОМЭНЕРГОРЕСУРС"")",6631006090,6617020914,12.05.2012,"['624480, обл СВЕРДЛОВСКАЯ 66, г СЕВЕРОУРАЛЬСК, ул СВЕРДЛОВА, 5']",7-34380-21391,komenergo@mail.ru,35.30.11.120,"Энергия тепловая, отпущенная котельными"
122,3667124849816000004,3458788.74,25.01.2016,31.12.2016,Электронный аукцион,"МУНИЦИПАЛЬНОЕ КАЗЕННОЕ УЧРЕЖДЕНИЕ ""УПРАВЛЕНИЕ ЗАКАЗЧИКА ПО КАПИТАЛЬНОМУ РЕМОНТУ""",ООО 'Юнивест-Cтрой',6671248498,6679032532,20.05.2013,"['620130, Свердловская область, город Екатеринбург, 620130, Российская Федерация, Свердловская обл., г. Екатеринбург, ул. Белинского, дом 222, 136']",+7 343 385-95-66,univest-stroy@yandex.ru,43.99.90.190,"Работы строительные с пециализированные прочие, не включенные в другие группировки"
123,1665841607016000008,2774923.35,25.01.2016,01.04.2016,Электронный аукцион,"федеральное казенное учреждение ""Центр хозяйственного и сервисного обеспечения Главного управления Министерства внутренних дел Российской Федерации по Свердловской области""","Общество с ограниченной ответственностью ""ТД РУНАТКО"" (ООО ""ТД РУНАТКО"")",6658416070,6658382198,13.04.2011,"['620014, Свердловская обл., г. Екатеринбург, ул. Хомякова, д.17А  под.1']",7-343-3420283,inford@runatko.com,19.20.21.112,"Бензин автомобильный с октановым числом не менее 80, но не более 92 по исследовательскому методу экологического класса К2"
124,3666100466116000008,31733823.24,25.01.2016,30.12.2016,Открытый конкурс,АДМИНИСТРАЦИЯ ГОРОДА ЕКАТЕРИНБУРГА,"Екатеринбургское муниципальное унитарное предприятие ""Специализированная автобаза""",6661004661,6608003655,22.12.2002,"['620086, Свердловская область, город Екатеринбург, Верх-Исетский район, ул. Посадская, 3']",(343) 233-60-60,yv@e-zdrav.ru,75.00.19.000,Услуги ветеринарные прочие
125,3663000572116000001,1614638.21,25.01.2016,31.12.2016,"Закупка у единственного поставщика (подрядчика, исполнителя)","МУНИЦИПАЛЬНОЕ БЮДЖЕТНОЕ УЧРЕЖДЕНИЕ ""ФИЗКУЛЬТУРНО-СПОРТИВНЫЙ ЦЕНТР ""ФАКЕЛ""","ОТКРЫТОЕ АКЦИОНЕРНОЕ ОБЩЕСТВО ""ЭНЕРГОСБЫТ ПЛЮС"" (ОАО ""ЭНЕРГОСБЫТ ПЛЮС"")",6630005721,5612042824,22.05.2014,"['143421, ОБЛ МОСКОВСКАЯ 50, Р-Н КРАСНОГОРСКИЙ, АВТОДОРОГА БАЛТИЯ, ТЕР 26 КМ БИЗНЕС-ЦЕНТР РИГА-ЛЕНД, 3']",7-34342-21310,sesb@ies-holding.com,35.12.10.110,Услуги по передаче электроэнергии
126,2661400193816000015,1310750.00,25.01.2016,31.12.2016,"Закупка у единственного поставщика (подрядчика, исполнителя)","государственное бюджетное учреждение здравоохранения Свердловской области ""Волчанская городская больница""","ОТКРЫТОЕ АКЦИОНЕРНОЕ ОБЩЕСТВО ""ЭНЕРГОСБЫТ ПЛЮС"" (ОАО ""ЭНЕРГОСБЫТ ПЛЮС"")",6614001938,5612042824,22.05.2014,"['143421, обл МОСКОВСКАЯ 50, р-н КРАСНОГОРСКИЙ, автодорога БАЛТИЯ, тер БИЗНЕС-ЦЕНТР РИГА-ЛЕНД, 3']",7-34383-33061,sesb@ies-holding.com,35.14.10.000,Услуги по торговле электроэнергией
127,3663202282816000004,1174518.32,25.01.2016,14.02.2016,Электронный аукцион,УПРАВЛЕНИЕ ПО БЛАГОУСТРОЙСТВУ ГАРИНСКОГО ГОРОДСКОГО ОКРУГА,"Общество с ограниченной ответственностью ""БИОХИМ"" (Общество с ограниченной ответственностью ""БИОХИМ"")",6632022828,6670344590,20.08.2015,"['620075, Свердловская область, г. Екатеринбург, ул. Восточная, д. 56, офис 19']",7-3522-457791,etilamin@mail.ru,19.20.21.321,Топливо дизельное зимнее вне классов
128,3666005552916000025,2089500.00,25.01.2016,31.12.2016,Электронный аукцион,"МУНИЦИПАЛЬНОЕ БЮДЖЕТНОЕ УЧРЕЖДЕНИЕ ""ДЕТСКАЯ ГОРОДСКАЯ БОЛЬНИЦА № 10""","""Центр современных технологий""",6660055529,6670253449,27.04.2009,"['620137, Свердловская область, город Екатеринбург, ул. Вилонова, 45, литер Е, офис 31']","(343) 320-67-15, 922-218-31-95",ural-olga@yandex.ru,26.51.53.190,"Приборы и аппаратура для физического или химического анализа прочие, не включенные в другие группировки"
129,3661400489716000002,1240872.44,31.01.2016,31.12.2016,"Закупка у единственного поставщика (подрядчика, исполнителя)","МУНИЦИПАЛЬНОЕ  БЮДЖЕТНОЕ ДОШКОЛЬНОЕ ОБРАЗОВАТЕЛЬНОЕ УЧРЕЖДЕНИЕ ДЕТСКИЙ САД № 18 ""РОДНИЧОК""","МУНИЦИПАЛЬНОЕ УНИТАРНОЕ ПРЕДПРИЯТИЕ ""РЕСУРС"" (МУП ""РЕСУРС"")",6614004897,6614001840,07.02.1992,"['624930, обл СВЕРДЛОВСКАЯ 66, г КАРПИНСК, ул СЕРОВА, 2']",83-4383-33610,gkssekr@mail.ru,35.30.11.120,"Энергия тепловая, отпущенная котельными"
130,3663200221116000001,5640000.00,02.01.2016,16.01.2017,"Закупка у единственного поставщика (подрядчика, исполнителя)",МУНИЦИПАЛЬНОЕ БЮДЖЕТНОЕ УЧРЕЖДЕНИЕ СЕРОВСКИЙ ТЕАТР ДРАМЫ ИМ. А.П.ЧЕХОВА,"ОБЩЕСТВО С ОГРАНИЧЕННОЙ ОТВЕТСТВЕННОСТЬЮ ""ДВОРЕЦ КУЛЬТУРЫ МЕТАЛЛУРГОВ"" (ООО ""ДКМ"")",6632002211,6632017810,25.11.2002,"['624980, обл СВЕРДЛОВСКАЯ 66, г СЕРОВ, ул КУЗЬМИНА, 1, 0, 0']",7-34385-54729,dkmet@mail.ru,68.20.12.000,Услуги по сдаче в аренду (внаем) собственных или арендованных нежилых помещений
131,3660301012016000003,1450653.52,31.01.2016,31.12.2016,"Закупка у единственного поставщика (подрядчика, исполнителя)","МУНИЦИПАЛЬНОЕ БЮДЖЕТНОЕ ОБЩЕОБРАЗОВАТЕЛЬНОЕ УЧРЕЖДЕНИЕ ""СРЕДНЯЯ ОБЩЕОБРАЗОВАТЕЛЬНАЯ ШКОЛА № 22 ИМ. Н.И. КУЗНЕЦОВА"" АСБЕСТОВСКОГО ГОРОДСКОГО ОКРУГА","МУНИЦИПАЛЬНОЕ УНИТАРНОЕ ПРЕДПРИЯТИЕ ""ГОРЭНЕРГО"" МУНИНИЦИПАЛЬНОГО ОБРАЗОВАНИЯ ГОРОД АСБЕСТ (МУНИЦИПАЛЬНОЕ УНИТАРНОЕ ПРЕДПРИЯТИЕ ""ГОРЭНЕРГО"" МУНИНИЦИПАЛЬНОГО ОБРАЗОВАНИЯ ГОРОД АСБЕСТ)",6603010120,6603002457,02.02.1994,"['624260, обл СВЕРДЛОВСКАЯ 66, г АСБЕСТ, ул ВОЙКОВА, 68, А']",7-34365-74775,gorenergo@uraltc.ru,35.30.11.120,"Энергия тепловая, отпущенная котельными"
132,3662400703016000003,1345096.24,02.01.2016,31.08.2016,"Закупка у единственного поставщика (подрядчика, исполнителя)","МУНИЦИПАЛЬНОЕ БЮДЖЕТНОЕ ДОШКОЛЬНОЕ ОБРАЗОВАТЕЛЬНОЕ УЧРЕЖДЕНИЕ ДЕТСКИЙ САД ОБЩЕРАЗВИВАЮЩЕГО ВИДА С ПРИОРИТЕТНЫМ ОСУЩЕСТВЛЕНИЕМ ДЕЯТЕЛЬНОСТИ ПО ПОЗНАВАТЕЛЬНО-РЕЧЕВОМУ РАЗВИТИЮ ДЕТЕЙ ""ЁЛОЧКА""","ОБЩЕСТВО С ОГРАНИЧЕННОЙ ОТВЕТСТВЕННОСТЬЮ ""ГОРОДСКАЯ ЭНЕРГОСЕРВИСНАЯ КОМПАНИЯ"" (-)",6624007030,6670007965,19.05.2014,"['624221, обл СВЕРДЛОВСКАЯ 66, г НИЖНЯЯ ТУРА, ул 40 ЛЕТ ОКТЯБРЯ, 10Б']",834-342238-49,post-ntr@gesko.org,35.30.11.120,"Энергия тепловая, отпущенная котельными"
133,3666100466116000010,4380000.00,25.01.2016,31.03.2016,Электронный аукцион,АДМИНИСТРАЦИЯ ГОРОДА ЕКАТЕРИНБУРГА,"Общество с ограниченной ответственностью ""Диалог-Сервис""",6661004661,6671339635,05.10.2010,"['620144, Свердловская область, город Екатеринбург, ул. Сурикова, 51']",(343) 216-10-73,mail@dialog-e.ru,26.30.11.110,"Средства связи, выполняющие функцию систем коммутации"
134,1666100367516000001,8526477.35,19.01.2016,31.01.2017,"Закупка у единственного поставщика (подрядчика, исполнителя)","ФЕДЕРАЛЬНОЕ ГОСУДАРСТВЕННОЕ БЮДЖЕТНОЕ ОБРАЗОВАТЕЛЬНОЕ УЧРЕЖДЕНИЕ ВЫСШЕГО ОБРАЗОВАНИЯ ""УРАЛЬСКИЙ ГОСУДАРСТВЕННЫЙ ЭКОНОМИЧЕСКИЙ УНИВЕРСИТЕТ""","ПУБЛИЧНОЕ АКЦИОНЕРНОЕ ОБЩЕСТВО ""Т ПЛЮС"" (ПАО ""Т ПЛЮС"")",6661003675,6315376946,15.06.2015,"['143421, обл МОСКОВСКАЯ 50, р-н КРАСНОГОРСКИЙ, автодорога БАЛТИЯ, тер БИЗНЕС-ЦЕНТР РИГА-ЛЕНД, СТРОЕНИЕ 3']",7-343-3555423,uk.ess@ies-holding.com,35.30.12.120,Услуги по приготовлению горячей воды с использованием нецентрализованных систем горячего водоснабжения
135,1722300731616000011,11981902.51,19.01.2016,31.12.2016,Электронный аукцион,"Федеральное казенное учреждение ""Федеральное управление автомобильных дорог ""Урал"" Федерального дорожного агентства""",Гуринов Иван МихайловичИндивидуальный предприниматель,7223007316,27.03.1997,27.03.1997,"['614534, Пермский край, Пермский район, п. Юг, ул. Акулова д.10']",8-342-2978040,Gulyaeva.olga@mail.ru,52.21.22.000,Услуги по эксплуатации автомагистралей
136,3667802255616000009,1561638.32,19.01.2016,31.12.2016,Электронный аукцион,"муниципальное казенное учреждение ""Благоустройство и жилищно-коммунальное хозяйство Березовского городского округа""","ОБЩЕСТВО С ОГРАНИЧЕННОЙ ОТВЕТСТВЕННОСТЬЮ ""СПЕЦЭЛЕКТРОПРОФИ"" (ООО ""СЭП"")",6678022556,6678037680,30.12.2013,"['623718, обл СВЕРДЛОВСКАЯ 66, г БЕРЕЗОВСКИЙ, п СТАРОПЫШМИНСК, ул ЕЛОВАЯ, ДОМ 1, КВАРТИРА 13']",7-343-2019970,нет@mail.ru,35.13.10.000,Услуги по распределению электроэнергии
137,1667007301216000013,3423778.19,19.01.2016,31.10.2016,"Закупка у единственного поставщика (подрядчика, исполнителя)",УПРАВЛЕНИЕ ФЕДЕРАЛЬНОЙ СЛУЖБЫ СУДЕБНЫХ ПРИСТАВОВ ПО СВЕРДЛОВСКОЙ ОБЛАСТИ,"АО""ЕКАТЕРИНБУРГЭНЕРГОСБЫТ"" (АО ""ЕКАТЕРИНБУРГЭНЕРГОСБЫТ"")",6670073012,6671250899,30.01.2008,"['620144, обл СВЕРДЛОВСКАЯ 66, г ЕКАТЕРИНБУРГ, ул СУРИКОВА, ДОМ 48']",8-343-2157693,fikk2@mail.ru,35.12.10.110,Услуги по передаче электроэнергии
138,3662000724716000003,2017069.00,19.01.2016,31.12.2016,"Закупка у единственного поставщика (подрядчика, исполнителя)",МУНИЦИПАЛЬНОЕ БЮДЖЕТНОЕ ОБЩЕОБРАЗОВАТЕЛЬНОЕ УЧРЕЖДЕНИЕ СРЕДНЯЯ ОБЩЕОБРАЗОВАТЕЛЬНАЯ ШКОЛА № 19 ГОРОДА ВЕРХНЯЯ ТУРА,"ОБЩЕСТВО С ОГРАНИЧЕННОЙ ОТВЕТСТВЕННОСТЬЮ ""РЕГИОНАЛЬНЫЕ КОММУНАЛЬНЫЕ СИСТЕМЫ"" (ООО ""РКС"")",6620007247,6620011148,30.01.2015,"['624320, обл СВЕРДЛОВСКАЯ 66, г ВЕРХНЯЯ ТУРА, ул ИКАНИНА, 79']",7-34344-47154,rkstura@yandex.ru,35.30.11.120,"Энергия тепловая, отпущенная котельными"
139,2666001041516000030,2858715.20,19.01.2016,01.07.2016,Электронный аукцион,МИНИСТЕРСТВО ЗДРАВООХРАНЕНИЯ СВЕРДЛОВСКОЙ ОБЛАСТИ,"ОБЩЕСТВО С ОГРАНИЧЕННОЙ ОТВЕТСТВЕННОСТЬЮ ""САВ-ФАРМ"" (ООО ""САВ-ФАРМ"")",6660010415,6686006036,04.04.2012,"['620012, обл СВЕРДЛОВСКАЯ 66, г ЕКАТЕРИНБУРГ, пл 1-Й ПЯТИЛЕТКИ, Б/Н, СКЛАД ЦЕХА 61']",7-343-3100055,оpt1@raduga-farma.ru,21.20.10.114,Препараты для лечения заболеваний печени и желчевыводящих путей
140,2665807811016000004,4900000.00,19.01.2016,29.12.2017,Двухэтапный конкурс,"ГОСУДАРСТВЕННОЕ КАЗЕННОЕ  УЧРЕЖДЕНИЕ СВЕРДЛОВСКОЙ ОБЛАСТИ ""УПРАВЛЕНИЕ АВТОМОБИЛЬНЫХ ДОРОГ""","ОБЩЕСТВО С ОГРАНИЧЕННОЙ ОТВЕТСТВЕННОСТЬЮ ""ПРОЕКТНАЯ КОМПАНИЯ ""УРАЛДОРТЕХНОЛОГИИ"""" (ООО ""ПРОЕКТНАЯ КОМПАНИЯ ""УРАЛДОРТЕХНОЛОГИИ"""")",6658078110,6658434632,10.06.2013,"['620109, обл СВЕРДЛОВСКАЯ 66, г ЕКАТЕРИНБУРГ, ул КРАУЛЯ, 51, ОФ. 1']",7-343-2052535,uraldt@rambler.ru,71.12.14.000,"Услуги по инженерно-техническому проектированию туннелей, автомагистралей, улиц, транспортных развязок и подобных объектов"
141,1665901436616000019,2152211.96,19.01.2016,23.08.2016,Электронный аукцион,"ФЕДЕРАЛЬНОЕ ГОСУДАРСТВЕННОЕ БЮДЖЕТНОЕ ОБРАЗОВАТЕЛЬНОЕ УЧРЕЖДЕНИЕ ВЫСШЕГО ОБРАЗОВАНИЯ ""УРАЛЬСКИЙ ГОСУДАРСТВЕННЫЙ УНИВЕРСИТЕТ ПУТЕЙ СООБЩЕНИЯ""","Общество с ограниченной ответственностью ""Альфа-строй""",6659014366,6679029272,04.03.2013,"['620000, Свердловская область, г. Екатеринбург, ул. Академика Губкина, д.78-111']",7-343-3180113,135735@mail.ru,43.91.19.110,Работы строительные по устройству любых видов кровельных покрытий зданий и сооружений
142,2666001041516000031,3196817.80,19.01.2016,01.07.2016,Электронный аукцион,МИНИСТЕРСТВО ЗДРАВООХРАНЕНИЯ СВЕРДЛОВСКОЙ ОБЛАСТИ,"ОБЩЕСТВО С ОГРАНИЧЕННОЙ ОТВЕТСТВЕННОСТЬЮ ""САВ-ФАРМ"" (ООО ""САВ-ФАРМ"")",6660010415,6686006036,04.04.2012,"['620012, обл СВЕРДЛОВСКАЯ 66, г ЕКАТЕРИНБУРГ, пл 1-Й ПЯТИЛЕТКИ, Б/Н, СКЛАД ЦЕХА 61']",7-343-3100055,оpt1@raduga-farma.ru,21.20.10.114,Препараты для лечения заболеваний печени и желчевыводящих путей
143,2662600389816000021,1524798.00,19.01.2016,31.12.2017,Электронный аукцион,"ГОСУДАРСТВЕННОЕ БЮДЖЕТНОЕ УЧРЕЖДЕНИЕ ЗДРАВООХРАНЕНИЯ СВЕРДЛОВСКОЙ ОБЛАСТИ ""ПОЛЕВСКАЯ ЦЕНТРАЛЬНАЯ ГОРОДСКАЯ БОЛЬНИЦА""","ОБЩЕСТВО С ОГРАНИЧЕННОЙ ОТВЕТСТВЕННОСТЬЮ ""ЗАВОД МЕДСИНТЕЗ"" (ОБЩЕСТВО С ОГРАНИЧЕННОЙ ОТВЕТСТВЕННОСТЬЮ ""ЗАВОД МЕДСИНТЕЗ"")",6626003898,6629012040,05.04.2006,"['620144, обл СВЕРДЛОВСКАЯ 66, г ЕКАТЕРИНБУРГ, ул 8 МАРТА, 90, А']",8-343-2707515,nikolay.vlasov@medsintez.com,21.20.10.134,Растворы плазмозамещающие и перфузионные
144,3661900920016000002,1031140.86,19.01.2016,31.12.2016,"Закупка у единственного поставщика (подрядчика, исполнителя)",МУНИЦИПАЛЬНОЕ БЮДЖЕТНОЕ УЧРЕЖДЕНИЕ ЦЕНТР КУЛЬТУРЫ И ДОСУГА ГОРОДСКОГО ОКРУГА КРАСНОУФИМСК,"МУНИЦИПАЛЬНОЕ УНИТАРНОЕ ПРЕДПРИЯТИЕ ""ТЕПЛОВЫЕ СЕТИ ГОРОД КРАСНОУФИМСК"" (МУП ""ТС Г.КРАСНОУФИМСК"")",6619009200,6619009539,28.09.2004,"['623300, обл СВЕРДЛОВСКАЯ 66, г КРАСНОУФИМСК, ул ПРОЛЕТАРСКАЯ, 98']",7-3439-420102,kr-tepseti@rambler.ru,35.30.11.120,"Энергия тепловая, отпущенная котельными"
145,1667007300516000002,3724960.23,19.01.2016,31.12.2016,"Закупка у единственного поставщика (подрядчика, исполнителя)","УПРАВЛЕНИЕ ФЕДЕРАЛЬНОЙ СЛУЖБЫ ГОСУДАРСТВЕННОЙ РЕГИСТРАЦИИ, КАДАСТРА И КАРТОГРАФИИ ПО СВЕРДЛОВСКОЙ ОБЛАСТИ","АКЦИОНЕРНОЕ ОБЩЕСТВО ""ЕКАТЕРИНБУРГЭНЕРГОСБЫТ"" (АКЦИОНЕРНОЕ ОБЩЕСТВО ""ЕКАТЕРИНБУРГЭНЕРГОСБЫТ"")",6670073005,6671250899,30.01.2008,"['620144, обл СВЕРДЛОВСКАЯ 66, г ЕКАТЕРИНБУРГ, ул СУРИКОВА, 48']",7-343-2157693,budget@eens.ru,35.11.10.119,"Электроэнергия, произведенная нетиповыми электростанциями общего назначения"
146,2661900214916000030,7311357.00,01.01.2016,31.12.2016,"Способ определения поставщика (подрядчика, исполнителя), установленный Правительством Российской Федерации в соответствии со ст. 111 Федерального закона № 44-ФЗ","ГОСУДАРСТВЕННОЕ БЮДЖЕТНОЕ УЧРЕЖДЕНИЕ ЗДРАВООХРАНЕНИЯ СВЕРДЛОВСКОЙ ОБЛАСТИ ""КРАСНОУФИМСКАЯ РАЙОННАЯ БОЛЬНИЦА""","ОТКРЫТОЕ АКЦИОНЕРНОЕ ОБЩЕСТВО ""ЭНЕРГОСБЫТ ПЛЮС""",6619002149,5612042824,22.05.2014,"['143421, обл МОСКОВСКАЯ 50, р-н КРАСНОГОРСКИЙ, автодорога БАЛТИЯ, тер БИЗНЕС-ЦЕНТР РИГА-ЛЕНД, 3']",7-34394-51285,sesb@ies-holding.com,35.12.10.110,Услуги по передаче электроэнергии
147,3660200723716000002,1150000.00,19.01.2016,31.12.2016,"Закупка у единственного поставщика (подрядчика, исполнителя)","МУНИЦИПАЛЬНОЕ БЮДЖЕТНОЕ ОБЩЕОБРАЗОВАТЕЛЬНОЕ УЧРЕЖДЕНИЕ ""СРЕДНЯЯ ОБЩЕОБРАЗОВАТЕЛЬНАЯ ШКОЛА № 3""","АКЦИОНЕРНОЕ ОБЩЕСТВО ""ОБЛКОММУНЭНЕРГО"" (АО ""ОБЛКОММУНЭНЕРГО"")",6602007237,6671028735,07.12.2015,"['620014, обл СВЕРДЛОВСКАЯ 66, г ЕКАТЕРИНБУРГ, ул 8 МАРТА, ДОМ 24, ОФИС 1']",7-343-2860581,secretar@okenergo.com,35.30.11.120,"Энергия тепловая, отпущенная котельными"
148,3666100295316000013,4277528.70,01.01.2016,31.12.2016,"Закупка у единственного поставщика (подрядчика, исполнителя)","МУНИЦИПАЛЬНОЕ БЮДЖЕТНОЕ УЧРЕЖДЕНИЕ ""СТАНЦИЯ СКОРОЙ МЕДИЦИНСКОЙ ПОМОЩИ ИМЕНИ В.Ф.КАПИНОСА""","ОБЩЕСТВО С ОГРАНИЧЕННОЙ ОТВЕТСТВЕННОСТЬЮ ""ТОПЛИВНО-ЭНЕРГЕТИЧЕСКИЙ КОМПЛЕКС ""ЧКАЛОВСКИЙ"" (ООО ""ТЭК ""ЧКАЛОВСКИЙ"")",6661002953,6674352539,31.03.2010,"['620085, обл СВЕРДЛОВСКАЯ 66, г ЕКАТЕРИНБУРГ, ул МОНТЕРСКАЯ, 4, ОФИС 52']",7-343-2867041,2631522@bk.ru,35.30.11.111,"Энергия тепловая, отпущенная тепловыми электроцентралями (ТЭЦ)"
149,2662300062716000001,6057876.39,01.01.2016,31.12.2016,"Закупка у единственного поставщика (подрядчика, исполнителя)","ГОСУДАРСТВЕННОЕ КАЗЕННОЕ ОБЩЕОБРАЗОВАТЕЛЬНОЕ УЧРЕЖДЕНИЕ СВЕРДЛОВСКОЙ ОБЛАСТИ ""НИЖНЕТАГИЛЬСКИЙ ДЕТСКИЙ ДОМ-ШКОЛА""","НИЖНЕТАГИЛЬСКОЕ МУНИЦИПАЛЬНОЕ УНИТАРНОЕ ПРЕДПРИЯТИЕ ""НИЖНЕТАГИЛЬСКИЕ ТЕПЛОВЫЕ СЕТИ"" (НТ МУП ""НТТС"")",6623000627,6623075742,03.02.2011,"['622002, обл СВЕРДЛОВСКАЯ 66, г НИЖНИЙ ТАГИЛ, ул ЧЕРНЫХ, 16']",7-3435-230106,post@nt-ts.ru,35.30.11.120,"Энергия тепловая, отпущенная котельными"
150,1665808957716000029,1944628.74,01.01.2016,31.05.2017,"Закупка у единственного поставщика (подрядчика, исполнителя)",УПРАВЛЕНИЕ СУДЕБНОГО ДЕПАРТАМЕНТА В СВЕРДЛОВСКОЙ ОБЛАСТИ,"Нижнетагильский филиал Открытого акционерного общества ""Роскоммунэнерго""-""Тагилэнергосбыт""",6658089577,7709538063,26.06.2013,"['369000, Респ КАРАЧАЕВО-ЧЕРКЕССКАЯ 09, г ЧЕРКЕССК, пр-кт ЛЕНИНА, 147']",8-343-2323232,a@a.ru,35.11.10.111,"Электроэнергия, произведенная конденсационными электростанциями (КЭС) общего назначения"
151,1665808957716000035,14663885.19,01.01.2016,31.05.2017,"Закупка у единственного поставщика (подрядчика, исполнителя)",УПРАВЛЕНИЕ СУДЕБНОГО ДЕПАРТАМЕНТА В СВЕРДЛОВСКОЙ ОБЛАСТИ,"Свердловский филиал ОТКРЫТОГО АКЦИОНЕРНОГО ОБЩЕСТВА ""ЭНЕРГОСБЫТ ПЛЮС""",6658089577,5612042824,22.05.2014,['г. Екатеринбург'],8-343-3573463,a@a.ru,35.11.10.111,"Электроэнергия, произведенная конденсационными электростанциями (КЭС) общего назначения"
152,1665808957716000014,5461116.34,01.01.2016,31.05.2017,"Закупка у единственного поставщика (подрядчика, исполнителя)",УПРАВЛЕНИЕ СУДЕБНОГО ДЕПАРТАМЕНТА В СВЕРДЛОВСКОЙ ОБЛАСТИ,"АКЦИОНЕРНОЕ ОБЩЕСТВО ""ЕКАТЕРИНБУРГЭНЕРГОСБЫТ"" (АО ""ЕЭнС"")",6658089577,6671250899,30.01.2008,"['620144, обл СВЕРДЛОВСКАЯ 66, г ЕКАТЕРИНБУРГ, ул СУРИКОВА, ДОМ 48']",8-343-2157713,incident@eens.ru,35.11.10.112,"Электроэнергия, произведенная теплоэлектроцентралями (ТЭЦ) общего назначения"
153,3662501745716000002,1418765.29,01.01.2016,31.12.2016,"Закупка у единственного поставщика (подрядчика, исполнителя)","МУНИЦИПАЛЬНОЕ АВТОНОМНОЕ ОБЩЕОБРАЗОВАТЕЛЬНОЕ УЧРЕЖДЕНИЕ ""СРЕДНЯЯ ОБЩЕОБРАЗОВАТЕЛЬНАЯ ШКОЛА № 20""","ОБЩЕСТВО С ОГРАНИЧЕННОЙ ОТВЕТСТВЕННОСТЬЮ ""СВЕРДЛОВСКАЯ ТЕПЛОСНАБЖАЮЩАЯ КОМПАНИЯ"" (ОБЩЕСТВО С ОГРАНИЧЕННОЙ ОТВЕТСТВЕННОСТЬЮ ""СВЕРДЛОВСКАЯ ТЕПЛОСНАБЖАЮЩАЯ КОМПАНИЯ"", ООО ""СТК"")",6625017457,6673162327,22.03.2013,"['620075, обл СВЕРДЛОВСКАЯ 66, г ЕКАТЕРИНБУРГ, пр-кт ЛЕНИНА,']",7-343-3576927,info_stk@ies_holding.com,35.30.11.120,"Энергия тепловая, отпущенная котельными"
154,1666000816616000004,6974357.47,01.01.2016,31.12.2016,"Закупка у единственного поставщика (подрядчика, исполнителя)",ФЕДЕРАЛЬНОЕ ГОСУДАРСТВЕННОЕ БЮДЖЕТНОЕ УЧРЕЖДЕНИЕ НАУКИ ИНСТИТУТ МАТЕМАТИКИ И МЕХАНИКИ ИМ. Н.Н. КРАСОВСКОГО УРАЛЬСКОГО ОТДЕЛЕНИЯ РОССИЙСКОЙ АКАДЕМИИ НАУК,ФЕДЕРАЛЬНОЕ ГОСУДАРСТВЕННОЕ БЮДЖЕТНОЕ УЧРЕЖДЕНИЕ  АДМИНИСТРАТИВНО-ХОЗЯЙСТВЕННОЕ УПРАВЛЕНИЕ УРАЛЬСКОГО ОТДЕЛЕНИЯ РОССИЙСКОЙ АКАДЕМИИ НАУК (АХУ УРО РАН),6660008166,6660011200,15.11.1994,"['620990, обл СВЕРДЛОВСКАЯ 66, г ЕКАТЕРИНБУРГ, ул ПЕРВОМАЙСКАЯ, 91']",7-343-3744454,energetik_ahu@mail.ru,35.12.10.110,Услуги по передаче электроэнергии
155,1665808957716000009,1423092.97,01.01.2016,31.05.2017,"Закупка у единственного поставщика (подрядчика, исполнителя)",УПРАВЛЕНИЕ СУДЕБНОГО ДЕПАРТАМЕНТА В СВЕРДЛОВСКОЙ ОБЛАСТИ,"Публичное акционерное общество ""Т ПЛЮС""",6658089577,6315376946,15.06.2015,"['143421, обл МОСКОВСКАЯ 50, р-н КРАСНОГОРСКИЙ, автодорога БАЛТИЯ, тер БИЗНЕС-ЦЕНТР РИГА-ЛЕНД, СТРОЕНИЕ 3']",8-343-3555464,a@a.ru,35.30.12.110,Услуги по приготовлению воды на нужды горячего водоснабжения
156,1666000876916000001,1510686.46,01.01.2016,31.12.2016,"Закупка у единственного поставщика (подрядчика, исполнителя)",ФЕДЕРАЛЬНОЕ ГОСУДАРСТВЕННОЕ БЮДЖЕТНОЕ УЧРЕЖДЕНИЕ НАУКИ ИНСТИТУТ ХИМИИ ТВЕРДОГО ТЕЛА УРАЛЬСКОГО ОТДЕЛЕНИЯ РОССИЙСКОЙ АКАДЕМИИ НАУК,ФЕДЕРАЛЬНОЕ ГОСУДАРСТВЕННОЕ БЮДЖЕТНОЕ УЧРЕЖДЕНИЕ  АДМИНИСТРАТИВНО-ХОЗЯЙСТВЕННОЕ УПРАВЛЕНИЕ УРАЛЬСКОГО ОТДЕЛЕНИЯ РОССИЙСКОЙ АКАДЕМИИ НАУК (АХУ УРО РАН),6660008769,6660011200,15.11.1994,"['620990, обл СВЕРДЛОВСКАЯ 66, г ЕКАТЕРИНБУРГ, ул ПЕРВОМАЙСКАЯ, 91']",7-343-3744454,v043991@yandex.ru,35.11.10.111,"Электроэнергия, произведенная конденсационными электростанциями (КЭС) общего назначения"
157,3665201497716000003,1221681.93,01.01.2016,31.12.2016,"Закупка у единственного поставщика (подрядчика, исполнителя)","МУНИЦИПАЛЬНОЕ АВТОНОМНОЕ ДОШКОЛЬНОЕ ОБРАЗОВАТЕЛЬНОЕ УЧРЕЖДЕНИЕ ""ДЕТСКИЙ САД  № 17 ""РЯБИНУШКА""","МУНИЦИПАЛЬНОЕ УНИТАРНОЕ ПРЕДПРИЯТИЕ ЖИЛИЩНО-КОММУНАЛЬНОГО ХОЗЯЙСТВА ""ЗАПАДНОЕ"" СЫСЕРТСКОГО ГОРОДСКОГО ОКРУГА (МУП ЖКХ ""ЗАПАДНОЕ"")",6652014977,6652015850,01.01.2012,"['624016, обл СВЕРДЛОВСКАЯ 66, р-н СЫСЕРТСКИЙ, с ПАТРУШИ, ул КОЛХОЗНАЯ, 1']",7-34374-64402,tarasova.v.n@mail.ru,35.30.11.120,"Энергия тепловая, отпущенная котельными"
158,3662901853216000013,3809046.77,01.01.2016,31.12.2016,"Закупка у единственного поставщика (подрядчика, исполнителя)","МУНИЦИПАЛЬНОЕ БЮДЖЕТНОЕ УЧРЕЖДЕНИЕ ""СПОРТИВНЫЙ КЛУБ ""КЕДР"" НОВОУРАЛЬСКОГО ГОРОДСКОГО ОКРУГА","""НОВОУРАЛЬСКАЯ ЭНЕРГОСБЫТОВАЯ КОМПАНИЯ"" (ОБЩЕСТВО С ОГРАНИЧЕННОЙ ОТВЕТСТВЕННОСТЬЮ ""НОВОУРАЛЬСКАЯ ЭНЕРГОСБЫТОВАЯ КОМПАНИЯ"")",6629018532,6629018839,20.03.2006,"['624130, обл СВЕРДЛОВСКАЯ 66, г НОВОУРАЛЬСК, ул САДОВАЯ, 15, А']",7-34370-98864,nuesk@novotec.ru,35.12.10.110,Услуги по передаче электроэнергии
159,3663400748716000001,1792994.00,01.01.2016,31.12.2016,"Закупка у единственного поставщика (подрядчика, исполнителя)",МУНИЦИПАЛЬНОЕ КАЗЕННОЕ ОБЩЕОБРАЗОВАТЕЛЬНОЕ УЧРЕЖДЕНИЕ СРЕДНЯЯ ОБЩЕОБРАЗОВАТЕЛЬНАЯ ШКОЛА С. ГОРОДИЩЕ,"ОТКРЫТОЕ АКЦИОНЕРНОЕ ОБЩЕСТВО ""ЭНЕРГОСБЫТ ПЛЮС"" (ОАО ""ЭНЕРГОСБЫТ ПЛЮС"")",6634007487,5612042824,22.05.2014,"['143421, обл МОСКОВСКАЯ 50, р-н КРАСНОГОРСКИЙ, автодорога БАЛТИЯ, тер БИЗНЕС-ЦЕНТР РИГА-ЛЕНД, 3']",7-34360-20657,sesb@ies-holding.com,35.14.10.000,Услуги по торговле электроэнергией
160,3661500670616000002,2601723.16,01.01.2016,31.12.2016,"Закупка у единственного поставщика (подрядчика, исполнителя)","МУНИЦИПАЛЬНОЕ ОБЩЕОБРАЗОВАТЕЛЬНОЕ УЧРЕЖДЕНИЕ ""СРЕДНЯЯ ОБЩЕОБРАЗОВАТЕЛЬНАЯ ШКОЛА №2""","ОТКРЫТОЕ АКЦИОНЕРНОЕ ОБЩЕСТВО ""ЭНЕРГОСБЫТ ПЛЮС"" (ОАО ""ЭНЕРГОСБЫТ ПЛЮС"")",6615006706,5612042824,22.05.2014,"['143421, обл МОСКОВСКАЯ 50, р-н КРАСНОГОРСКИЙ, автодорога БАЛТИЯ, тер БИЗНЕС-ЦЕНТР РИГА-ЛЕНД, 3']",7-3435-471694,sebs@ies-holding.com,35.14.10.000,Услуги по торговле электроэнергией
161,1666001346216000056,5062700.00,01.01.2016,31.01.2017,"Закупка у единственного поставщика (подрядчика, исполнителя)","ФЕДЕРАЛЬНОЕ ГОСУДАРСТВЕННОЕ БЮДЖЕТНОЕ УЧРЕЖДЕНИЕ ЗДРАВООХРАНЕНИЯ ""ЦЕНТРАЛЬНАЯ МЕДИКО-САНИТАРНАЯ ЧАСТЬ № 31 ФЕДЕРАЛЬНОГО МЕДИКО-БИОЛОГИЧЕСКОГО АГЕНТСТВА""","ОБЩЕСТВО С ОГРАНИЧЕННОЙ ОТВЕТСТВЕННОСТЬЮ ""УЭХК-ТЕЛЕКОМ"" (ООО ""УЭХК-ТЕЛЕКОМ"")",6660013462,6629026082,11.10.2010,"['624130, обл СВЕРДЛОВСКАЯ 66, г НОВОУРАЛЬСК, ул АВТОЗАВОДСКАЯ, 3']",7-34370-21788,ueip-tel@netgts.ru,61.10.11.110,"Услуги по предоставлению внутризоновых, междугородных и международных телефонных соединений"
162,3667227911416000005,3351400.00,01.01.2016,31.12.2016,"Закупка у единственного поставщика (подрядчика, исполнителя)","Муниципальное бюджетное  учреждение ""Водоотведение и искусственные сооружения""","Филиал ""Свердловский"" ПУБЛИЧНОГО АКЦИОНЕРНОГО ОБЩЕСТВА ""Т ПЛЮС"" (ПАО ""Т ПЛЮС"")",6672279114,6315376946,19.05.2015,"['143421, Свердловская область, г. Екатеринбург, ул. Ленина 38']",7-343-3555464,1@mail.ru,35.30.11.120,"Энергия тепловая, отпущенная котельными"
163,3661500670616000003,3902240.12,01.01.2016,31.12.2016,"Закупка у единственного поставщика (подрядчика, исполнителя)","МУНИЦИПАЛЬНОЕ ОБЩЕОБРАЗОВАТЕЛЬНОЕ УЧРЕЖДЕНИЕ ""СРЕДНЯЯ ОБЩЕОБРАЗОВАТЕЛЬНАЯ ШКОЛА №2""","ОБЩЕСТВО С ОГРАНИЧЕННОЙ ОТВЕТСТВЕННОСТЬЮ ""КАЧКАНАРСКАЯ ТЕПЛОСНАБЖАЮЩАЯ КОМПАНИЯ"" (ООО ""КАЧКАНАРСКАЯ ТЕПЛОСНАБЖАЮЩАЯ КОМПАНИЯ"")",6615006706,6615015348,28.11.2011,"['624351, обл СВЕРДЛОВСКАЯ 66, г КАЧКАНАР, ул СВЕРДЛОВА, 7, А']",7-343-4164805,svetlana.makarova2@evraz.com,35.30.11.111,"Энергия тепловая, отпущенная тепловыми электроцентралями (ТЭЦ)"
164,3666404193616000002,1859163.54,01.01.2016,31.12.2016,"Закупка у единственного поставщика (подрядчика, исполнителя)",МУНИЦИПАЛЬНОЕ БЮДЖЕТНОЕ ОБЩЕОБРАЗОВАТЕЛЬНОЕ УЧРЕЖДЕНИЕ - СРЕДНЯЯ ОБЩЕОБРАЗОВАТЕЛЬНАЯ ШКОЛА № 55,"ПУБЛИЧНОЕ АКЦИОНЕРНОЕ ОБЩЕСТВО ""Т ПЛЮС"" (ПАО ""Т ПЛЮС"")",6664041936,6315376946,15.06.2015,"['143421, обл МОСКОВСКАЯ 50, р-н КРАСНОГОРСКИЙ, автодорога БАЛТИЯ, тер БИЗНЕС-ЦЕНТР РИГА-ЛЕНД, СТРОЕНИЕ 3']",7-343-3555413,N.G.Maltseva@ies-holding.com,35.30.12.140,Услуги по подключению (технологическому присоединению) к централизованной системе горячего водоснабжения
165,1665808957716000022,5620000.00,01.01.2016,31.12.2016,"Закупка у единственного поставщика (подрядчика, исполнителя)",УПРАВЛЕНИЕ СУДЕБНОГО ДЕПАРТАМЕНТА В СВЕРДЛОВСКОЙ ОБЛАСТИ,"ПУБЛИЧНОЕ АКЦИОНЕРНОЕ ОБЩЕСТВО МЕЖДУГОРОДНОЙ И МЕЖДУНАРОДНОЙ ЭЛЕКТРИЧЕСКОЙ СВЯЗИ ""РОСТЕЛЕКОМ""",6658089577,7707049388,25.07.2006,"['191002, г САНКТ-ПЕТЕРБУРГ 78, ул ДОСТОЕВСКОГО, 15']",8-343-3589843,ural@ural.rt.ru,61.20.11.000,Услуги подвижной связи общего пользования - обеспечение доступа и поддержка пользователя
166,1665902945016000006,3233113.26,01.01.2016,31.03.2016,Электронный аукцион,УПРАВЛЕНИЕ НА ТРАНСПОРТЕ МИНИСТЕРСТВА ВНУТРЕННИХ ДЕЛ РОССИЙСКОЙ ФЕДЕРАЦИИ ПО УРАЛЬСКОМУ ФЕДЕРАЛЬНОМУ ОКРУГУ,"Публичное акционерное общество ""МегаФон"" (ПАО ""МегаФон"")",6659029450,7812014560,31.01.2005,"['115035, г. Москва, ул. Кадашевская набережная, д.30', '620078, Свердловская обл, г. Екатеринбург, ул. Малышева, д.122']",7-343-3795555,info@megafon.ru,61.20.30.120,Услуги по передаче данных по беспроводным телекоммуникационным сетям
167,2662600748316000002,1004368.79,01.01.2016,31.12.2016,"Закупка у единственного поставщика (подрядчика, исполнителя)","ГОСУДАРСТВЕННОЕ КАЗЕННОЕ УЧРЕЖДЕНИЕ СОЦИАЛЬНОГО ОБСЛУЖИВАНИЯ СВЕРДЛОВСКОЙ ОБЛАСТИ ""СОЦИАЛЬНО-РЕАБИЛИТАЦИОННЫЙ ЦЕНТР ДЛЯ НЕСОВЕРШЕННОЛЕТНИХ № 1 ГОРОДА ПОЛЕВСКОГО","МУНИЦИПАЛЬНОЕ УНИТАРНОЕ ПРЕДПРИЯТИЕ ПОЛЕВСКОГО ГОРОДСКОГО ОКРУГА ""ЖИЛИЩНО-КОММУНАЛЬНОЕ ХОЗЯЙСТВО ""ПОЛЕВСКОЕ"" (МУП ПГО ""ЖКХ ""ПОЛЕВСКОЕ"")",6626007483,6679051140,26.05.2014,"['623380, обл СВЕРДЛОВСКАЯ 66, г ПОЛЕВСКОЙ, ул ТОРОПОВА, 9']",7-34350-23060,admdd1@mail.ru,35.30.11.120,"Энергия тепловая, отпущенная котельными"
168,3663700292016000001,1000000.00,01.01.2016,31.03.2016,"Закупка у единственного поставщика (подрядчика, исполнителя)","Муниципальное казенное общеобразовательное учреждение Ачитского городского округа ""Заринская средняя общеобразовательная школа""","ОТКРЫТОЕ АКЦИОНЕРНОЕ ОБЩЕСТВО ""ЭНЕРГОСБЫТ ПЛЮС"" (ОАО ""ЭНЕРГОСБЫТ ПЛЮС"")",6637002920,5612042824,22.05.2014,"['143421, обл МОСКОВСКАЯ 50, р-н КРАСНОГОРСКИЙ, автодорога БАЛТИЯ, тер БИЗНЕС-ЦЕНТР РИГА-ЛЕНД, 3']",7-34394-51285,sesb@ies-holding.com,35.14.10.000,Услуги по торговле электроэнергией
169,1662601217016000002,1141920.00,01.01.2016,31.12.2016,Открытый конкурс,ГОСУДАРСТВЕННОЕ УЧРЕЖДЕНИЕ - УПРАВЛЕНИЕ ПЕНСИОННОГО ФОНДА РОССИЙСКОЙ ФЕДЕРАЦИИ В ГОРОДЕ ПОЛЕВСКОМ СВЕРДЛОВСКОЙ ОБЛАСТИ,"ОБЩЕСТВО С ОГРАНИЧЕННОЙ ОТВЕТСТВЕННОСТЬЮ ЧАСТНОЕ ОХРАННОЕ ПРЕДПРИЯТИЕ ""СПЕЦИАЛЬНЫЙ ОТРЯД ОХРАНЫ ПРАВОПОРЯДКА РЫСЬ"" (ОБЩЕСТВО С ОГРАНИЧЕННОЙ ОТВЕТСТВЕННОСТЬЮ ЧАСТНОЕ ОХРАННОЕ ПРЕДПРИЯТИЕ ""СПЕЦИАЛЬНЫЙ ОТРЯД ОХРАНЫ ПРАВОПОРЯДКА РЫСЬ""; ООО ЧОП ""СООПР РЫСЬ"")",6626012170,6671168186,15.04.2005,"['620075, обл СВЕРДЛОВСКАЯ 66, г ЕКАТЕРИНБУРГ, пр-кт ЛЕНИНА, 36, 13']",7-343-2687979,Rys-ekb@mail.ru,80.10.12.000,Услуги охраны
170,3660603723216000002,1465864.22,01.01.2016,31.12.2016,"Закупка у единственного поставщика (подрядчика, исполнителя)","МУНИЦИПАЛЬНОЕ КАЗЕННОЕ УЧРЕЖДЕНИЕ ""АДМИНИСТРАТИВНО-ХОЗЯЙСТВЕННОЕ УПРАВЛЕНИЕ""","ПУБЛИЧНОЕ АКЦИОНЕРНОЕ ОБЩЕСТВО ""Т ПЛЮС"" (ПАО ""Т ПЛЮС"")",6606037232,6315376946,15.06.2015,"['143421, обл МОСКОВСКАЯ 50, р-н КРАСНОГОРСКИЙ, автодорога БАЛТИЯ, тер БИЗНЕС-ЦЕНТР РИГА-ЛЕНД, СТРОЕНИЕ 3']",8-343-3555423,tplus@mail.ru,35.30.11.119,"Энергия тепловая, отпущенная прочими электростанциями"
171,1665808957716000041,1408950.92,01.01.2016,31.12.2016,"Закупка у единственного поставщика (подрядчика, исполнителя)",УПРАВЛЕНИЕ СУДЕБНОГО ДЕПАРТАМЕНТА В СВЕРДЛОВСКОЙ ОБЛАСТИ,"Акционерное общество ""РАСЧЕТНЫЙ ЦЕНТР УРАЛА""",6658089577,6659190330,28.04.2009,"['620141, обл СВЕРДЛОВСКАЯ 66, г ЕКАТЕРИНБУРГ, ул АРТИНСКАЯ, 15, 501']",8-343-1111111,a@a.ru,35.30.11.111,"Энергия тепловая, отпущенная тепловыми электроцентралями (ТЭЦ)"
172,2663900892816000004,1065262.44,01.01.2016,31.12.2016,"Закупка у единственного поставщика (подрядчика, исполнителя)","ГОСУДАРСТВЕННОЕ КАЗЕННОЕ ОБЩЕОБРАЗОВАТЕЛЬНОЕ УЧРЕЖДЕНИЕ СВЕРДЛОВСКОЙ ОБЛАСТИ ""ЧЕРНОУСОВСКАЯ ШКОЛА-ИНТЕРНАТ, РЕАЛИЗУЮЩАЯ АДАПТИРОВАННЫЕ ОСНОВНЫЕ ОБЩЕОБРАЗОВАТЕЛЬНЫЕ ПРОГРАММЫ""","Муниципальное унитарное предприятие ""Новые технологии"" Белоярского городского округа",6639008928,6683008067,13.02.2015,"['624030, Свердловская область, р.п. Белоярский, ул. Химиков, 12']",8-34377-7-49-28,mup_nt@mail.ru,35.30.11.120,"Энергия тепловая, отпущенная котельными"
173,3660700830816000002,3050283.00,01.01.2016,31.12.2016,Электронный аукцион,"МУНИЦИПАЛЬНАЯ БЮДЖЕТНАЯ ОБЩЕОБРАЗОВАТЕЛЬНАЯ ШКОЛА-ИНТЕРНАТ ""ОБЩЕОБРАЗОВАТЕЛЬНАЯ ШКОЛА-ИНТЕРНАТ СРЕДНЕГО (ПОЛНОГО) ОБЩЕГО ОБРАЗОВАНИЯ №9 ""МЫС ДОБРОЙ НАДЕЖДЫ""","ОБЩЕСТВО С ОГРАНИЧЕННОЙ ОТВЕТСТВЕННОСТЬЮ ""УПРАВЛЯЮЩАЯ КОМПАНИЯ ЖИЛИЩНО-КОММУНАЛЬНОГО ХОЗЯЙСТВА"" (ОБЩЕСТВО С ОГРАНИЧЕННОЙ ОТВЕТСТВЕННОСТЬЮ ""УПРАВЛЯЮЩАЯ КОМПАНИЯ ЖИЛИЩНО-КОММУНАЛЬНОГО ХОЗЯЙСТВА"")",6607008308,6607012840,01.01.2013,"['624760, обл СВЕРДЛОВСКАЯ 66, г ВЕРХНЯЯ САЛДА, ул КИРОВА, 2']",7-34345-51301,stafeeva_o-77@mail.ru,35.30.12.120,Услуги по приготовлению горячей воды с использованием нецентрализованных систем горячего водоснабжения
174,1666001346216000055,8533000.00,01.01.2016,31.01.2017,"Закупка у единственного поставщика (подрядчика, исполнителя)","ФЕДЕРАЛЬНОЕ ГОСУДАРСТВЕННОЕ БЮДЖЕТНОЕ УЧРЕЖДЕНИЕ ЗДРАВООХРАНЕНИЯ ""ЦЕНТРАЛЬНАЯ МЕДИКО-САНИТАРНАЯ ЧАСТЬ № 31 ФЕДЕРАЛЬНОГО МЕДИКО-БИОЛОГИЧЕСКОГО АГЕНТСТВА""","МУНИЦИПАЛЬНОЕ УНИТАРНОЕ ПРЕДПРИЯТИЕ НОВОУРАЛЬСКОГО ГОРОДСКОГО ОКРУГА ""ВОДОПРОВОДНО-КАНАЛИЗАЦИОННОЕ ХОЗЯЙСТВО"" (МУП ""ВОДОКАНАЛ"")",6660013462,6629007749,01.01.2012,"['624130, обл СВЕРДЛОВСКАЯ 66, г НОВОУРАЛЬСК, ул АВТОЗАВОДСКАЯ, 29']",7-34370-23177,mup.vodokanal@mail.ru,36.00.20.160,Услуги по подключению (технологическому присоединению) к централизованной системе водоснабжения
175,1665808957716000023,5907000.00,01.01.2016,31.12.2016,"Закупка у единственного поставщика (подрядчика, исполнителя)",УПРАВЛЕНИЕ СУДЕБНОГО ДЕПАРТАМЕНТА В СВЕРДЛОВСКОЙ ОБЛАСТИ,"Макрорегиональный филиал ""УРАЛ ПУБЛИЧНОГО АКЦИОНЕРНОГО ОБЩЕСТВА ""РОСТЕЛЕКОМ""",6658089577,7707049388,25.07.2006,"['191002, г САНКТ-ПЕТЕРБУРГ 78, ул ДОСТОЕВСКОГО, 15']",8-343-3589843,URAL@URAL.RT.RU,61.20.11.000,Услуги подвижной связи общего пользования - обеспечение доступа и поддержка пользователя
176,3664600827716000003,1102544.00,01.01.2016,31.12.2016,"Закупка у единственного поставщика (подрядчика, исполнителя)",Муниципальное казенное общеобразовательное учреждение основная общеобразовательная школа № 6 г. Нижние Серги,"МУНИЦИПАЛЬНОЕ УНИТАРНОЕ ПРЕДПРИЯТИЕ ""ТЕПЛОВЫЕ СЕТИ Г. НИЖНИЕ СЕРГИ"" (МУНИЦИПАЛЬНОЕ УНИТАРНОЕ ПРЕДПРИЯТИЕ ""ТЕПЛОВЫЕ СЕТИ Г. НИЖНИЕ СЕРГИ"")",6646008277,6646010660,28.05.2004,"['623090, обл СВЕРДЛОВСКАЯ 66, г НИЖНИЕ СЕРГИ, ул РОЗЫ ЛЮКСЕМБУРГ, 88']",7-34398-21221,muptsns@mail.ru,35.30.12.130,Услуги по транспортированию горячей воды
177,3666100295316000014,2393244.00,01.01.2016,31.12.2016,"Закупка у единственного поставщика (подрядчика, исполнителя)","МУНИЦИПАЛЬНОЕ БЮДЖЕТНОЕ УЧРЕЖДЕНИЕ ""СТАНЦИЯ СКОРОЙ МЕДИЦИНСКОЙ ПОМОЩИ ИМЕНИ В.Ф.КАПИНОСА""","ПУБЛИЧНОЕ АКЦИОНЕРНОЕ ОБЩЕСТВО ""Т ПЛЮС"" (ПАО ""Т ПЛЮС"")",6661002953,6315376946,15.06.2015,"['143421, обл МОСКОВСКАЯ 50, р-н КРАСНОГОРСКИЙ, автодорога БАЛТИЯ, тер БИЗНЕС-ЦЕНТР РИГА-ЛЕНД, СТРОЕНИЕ 3']",7-343-3555423,anna.isakova@esplus.ru,35.30.11.111,"Энергия тепловая, отпущенная тепловыми электроцентралями (ТЭЦ)"
178,3662200234016000004,1734391.15,01.01.2016,31.12.2016,"Закупка у единственного поставщика (подрядчика, исполнителя)","МУНИЦИПАЛЬНОЕ БЮДЖЕТНОЕ ОБЩЕОБРАЗОВАТЕЛЬНОЕ УЧРЕЖДЕНИЕ ""СРЕДНЯЯ ОБЩЕОБРАЗОВАТЕЛЬНАЯ ШКОЛА № 5""","МУНИЦИПАЛЬНОЕ УНИТАРНОЕ ПРЕДПРИЯТИЕ ""САЛДАЭНЕРГО"" (МУП ""САЛДАЭНЕРГО"")",6622002340,6623104190,05.08.2014,"['624740, обл СВЕРДЛОВСКАЯ 66, г НИЖНЯЯ САЛДА, ул ЛЕНИНА, 19']",7-34345-30610,1@mail.ru,35.30.12.130,Услуги по транспортированию горячей воды
179,3666106190216000002,1211566.54,01.01.2016,31.12.2016,"Закупка у единственного поставщика (подрядчика, исполнителя)",МУНИЦИПАЛЬНОЕ БЮДЖЕТНОЕ ОБЩЕОБРАЗОВАТЕЛЬНОЕ УЧРЕЖДЕНИЕ  ГИМНАЗИЯ № 120,"Открытое акционерное общество ""Екатеринбургэнергосбыт""",6661061902,6671250899,30.01.2008,"['620144, Свердловская область, город Екатеринбург, ул.Сурикова, 48']",3590759,budget@eens.ru,35.12.10.110,Услуги по передаче электроэнергии
180,3666106367416000001,1996105.42,01.01.2016,31.12.2016,"Закупка у единственного поставщика (подрядчика, исполнителя)",МУНИЦИПАЛЬНОЕ БЮДЖЕТНОЕ ОБЩЕОБРАЗОВАТЕЛЬНОЕ УЧРЕЖДЕНИЕ - СРЕДНЯЯ ОБЩЕОБРАЗОВАТЕЛЬНАЯ ШКОЛА № 154,"""Екатеринбургэнергосбыт""",6661063674,6671250899,30.01.2008,"['620144, Свердловская область, город Екатеринбург, ул.Сурикова, 48']",3590759,budget@eens.ru,35.12.10.110,Услуги по передаче электроэнергии
181,3666105869916000001,1745874.15,01.01.2016,31.12.2016,"Закупка у единственного поставщика (подрядчика, исполнителя)",МУНИЦИПАЛЬНОЕ БЮДЖЕТНОЕ  ОБЩЕОБРАЗОВАТЕЛЬНОЕ УЧРЕЖДЕНИЕ  ЛИЦЕЙ № 109,"Открытое акционерное общество ""Екатеринбургэнергосбыт""",6661058699,6671250899,30.01.2008,"['620144, Свердловская область, город Екатеринбург, ул.Сурикова, 48']",3590759,budget@eens.ru,35.12.10.110,Услуги по передаче электроэнергии
182,3666105570816000001,1340168.38,01.01.2016,31.12.2016,"Закупка у единственного поставщика (подрядчика, исполнителя)",МУНИЦИПАЛЬНОЕ БЮДЖЕТНОЕ ОБЩЕОБРАЗОВАТЕЛЬНОЕ УЧРЕЖДЕНИЕ ГИМНАЗИЯ № 161,"Открытое акционерное общество ""Екатеринбургэнергосбыт""",6661055708,6671250899,30.01.2008,"['620144, Свердловская область, город Екатеринбург, ул.Сурикова, 48']",3590759,budget@eens.ru,35.12.10.110,Услуги по передаче электроэнергии
